title,subreddit,score
I found this pretty inspirational right now,TikTokCringe,65093
Meirl,meirl,57310
Nazi Bar,comics,54002
Mozzarella stick tattoo,oddlysatisfying,54037
👏👏,BeAmazed,53381
"Daniel Ellsberg, a U.S. military analyst who secretly photocopied 7,000 pages of classified documents about the Vietnam War and later leaked them in 1971 as ""Pentagon Papers,"" exposing years of misleading information from U.S. officials. This leak became one of history’s most famous whistleblowing.",interestingasfuck,49998
Hit the big 5 year mark for being cancer-free!,MadeMeSmile,46417
Anything is possible in this era,SipsTea,43664
Meirl,meirl,41626
Democratic governor vetoes Charlie Kirk memorial license plates in Arizona,politics,40126
I found this pretty inspirational right now,TikTokCringe,65200
Meirl,meirl,57418
Mozzarella stick tattoo,oddlysatisfying,54273
👏👏,BeAmazed,53496
"Daniel Ellsberg, a U.S. military analyst who secretly photocopied 7,000 pages of classified documents about the Vietnam War and later leaked them in 1971 as ""Pentagon Papers,"" exposing years of misleading information from U.S. officials. This leak became one of history’s most famous whistleblowing.",interestingasfuck,50074
Hit the big 5 year mark for being cancer-free!,MadeMeSmile,46885
Anything is possible in this era,SipsTea,43778
Meirl,meirl,41789
Democratic governor vetoes Charlie Kirk memorial license plates in Arizona,politics,40205
Meirl,meirl,38553
I found this pretty inspirational right now,TikTokCringe,66412
Mozzarella stick tattoo,oddlysatisfying,56731
👏👏,BeAmazed,54715
"Daniel Ellsberg, a U.S. military analyst who secretly photocopied 7,000 pages of classified documents about the Vietnam War and later leaked them in 1971 as ""Pentagon Papers,"" exposing years of misleading information from U.S. officials. This leak became one of history’s most famous whistleblowing.",interestingasfuck,50603
Hit the big 5 year mark for being cancer-free!,MadeMeSmile,51300
Anything is possible in this era,SipsTea,45098
Meirl,meirl,43017
Reporter: You just suggested that Iran somehow got its hands on a Tomahawk and bombed its own elementary school on the first day of the war. Why are you the only person saying this? Trump: Because I just don’t know enough about it.,SipsTea,42137
Democratic governor vetoes Charlie Kirk memorial license plates in Arizona,politics,41118
TikTok brains saying my dihh and unalived,memes,40340
I found this pretty inspirational right now,TikTokCringe,66433
Mozzarella stick tattoo,oddlysatisfying,56749
👏👏,BeAmazed,54723
"Daniel Ellsberg, a U.S. military analyst who secretly photocopied 7,000 pages of classified documents about the Vietnam War and later leaked them in 1971 as ""Pentagon Papers,"" exposing years of misleading information from U.S. officials. This leak became one of history’s most famous whistleblowing.",interestingasfuck,50612
Hit the big 5 year mark for being cancer-free!,MadeMeSmile,51325
Anything is possible in this era,SipsTea,45101
Meirl,meirl,43015
Reporter: You just suggested that Iran somehow got its hands on a Tomahawk and bombed its own elementary school on the first day of the war. Why are you the only person saying this? Trump: Because I just don’t know enough about it.,SipsTea,42169
Democratic governor vetoes Charlie Kirk memorial license plates in Arizona,politics,41130
TikTok brains saying my dihh and unalived,memes,40350
I found this pretty inspirational right now,TikTokCringe,66447
Mozzarella stick tattoo,oddlysatisfying,56787
👏👏,BeAmazed,54732
"Daniel Ellsberg, a U.S. military analyst who secretly photocopied 7,000 pages of classified documents about the Vietnam War and later leaked them in 1971 as ""Pentagon Papers,"" exposing years of misleading information from U.S. officials. This leak became one of history’s most famous whistleblowing.",interestingasfuck,50609
Hit the big 5 year mark for being cancer-free!,MadeMeSmile,51350
Anything is possible in this era,SipsTea,45117
Meirl,meirl,43026
Reporter: You just suggested that Iran somehow got its hands on a Tomahawk and bombed its own elementary school on the first day of the war. Why are you the only person saying this? Trump: Because I just don’t know enough about it.,SipsTea,42186
Democratic governor vetoes Charlie Kirk memorial license plates in Arizona,politics,41131
TikTok brains saying my dihh and unalived,memes,40366
I found this pretty inspirational right now,TikTokCringe,66455
Mozzarella stick tattoo,oddlysatisfying,56804
👏👏,BeAmazed,54758
"Daniel Ellsberg, a U.S. military analyst who secretly photocopied 7,000 pages of classified documents about the Vietnam War and later leaked them in 1971 as ""Pentagon Papers,"" exposing years of misleading information from U.S. officials. This leak became one of history’s most famous whistleblowing.",interestingasfuck,50618
Hit the big 5 year mark for being cancer-free!,MadeMeSmile,51395
Anything is possible in this era,SipsTea,45138
Meirl,meirl,43041
Reporter: You just suggested that Iran somehow got its hands on a Tomahawk and bombed its own elementary school on the first day of the war. Why are you the only person saying this? Trump: Because I just don’t know enough about it.,SipsTea,42218
Democratic governor vetoes Charlie Kirk memorial license plates in Arizona,politics,41138
TikTok brains saying my dihh and unalived,memes,40387
I found this pretty inspirational right now,TikTokCringe,66469
Mozzarella stick tattoo,oddlysatisfying,56823
👏👏,BeAmazed,54756
"Daniel Ellsberg, a U.S. military analyst who secretly photocopied 7,000 pages of classified documents about the Vietnam War and later leaked them in 1971 as ""Pentagon Papers,"" exposing years of misleading information from U.S. officials. This leak became one of history’s most famous whistleblowing.",interestingasfuck,50618
Hit the big 5 year mark for being cancer-free!,MadeMeSmile,51419
Anything is possible in this era,SipsTea,45148
Meirl,meirl,43058
Reporter: You just suggested that Iran somehow got its hands on a Tomahawk and bombed its own elementary school on the first day of the war. Why are you the only person saying this? Trump: Because I just don’t know enough about it.,SipsTea,42247
Democratic governor vetoes Charlie Kirk memorial license plates in Arizona,politics,41152
TikTok brains saying my dihh and unalived,memes,40396
I found this pretty inspirational right now,TikTokCringe,66479
Mozzarella stick tattoo,oddlysatisfying,56859
👏👏,BeAmazed,54772
"Daniel Ellsberg, a U.S. military analyst who secretly photocopied 7,000 pages of classified documents about the Vietnam War and later leaked them in 1971 as ""Pentagon Papers,"" exposing years of misleading information from U.S. officials. This leak became one of history’s most famous whistleblowing.",interestingasfuck,50625
Hit the big 5 year mark for being cancer-free!,MadeMeSmile,51466
Anything is possible in this era,SipsTea,45152
Meirl,meirl,43060
Reporter: You just suggested that Iran somehow got its hands on a Tomahawk and bombed its own elementary school on the first day of the war. Why are you the only person saying this? Trump: Because I just don’t know enough about it.,SipsTea,42269
Democratic governor vetoes Charlie Kirk memorial license plates in Arizona,politics,41157
TikTok brains saying my dihh and unalived,memes,40408
I found this pretty inspirational right now,TikTokCringe,66489
Mozzarella stick tattoo,oddlysatisfying,56873
👏👏,BeAmazed,54794
"Daniel Ellsberg, a U.S. military analyst who secretly photocopied 7,000 pages of classified documents about the Vietnam War and later leaked them in 1971 as ""Pentagon Papers,"" exposing years of misleading information from U.S. officials. This leak became one of history’s most famous whistleblowing.",interestingasfuck,50628
Hit the big 5 year mark for being cancer-free!,MadeMeSmile,51481
Anything is possible in this era,SipsTea,45157
Meirl,meirl,43075
Reporter: You just suggested that Iran somehow got its hands on a Tomahawk and bombed its own elementary school on the first day of the war. Why are you the only person saying this? Trump: Because I just don’t know enough about it.,SipsTea,42319
Democratic governor vetoes Charlie Kirk memorial license plates in Arizona,politics,41155
TikTok brains saying my dihh and unalived,memes,40434
I found this pretty inspirational right now,TikTokCringe,66495
Mozzarella stick tattoo,oddlysatisfying,56888
👏👏,BeAmazed,54796
"Daniel Ellsberg, a U.S. military analyst who secretly photocopied 7,000 pages of classified documents about the Vietnam War and later leaked them in 1971 as ""Pentagon Papers,"" exposing years of misleading information from U.S. officials. This leak became one of history’s most famous whistleblowing.",interestingasfuck,50632
Hit the big 5 year mark for being cancer-free!,MadeMeSmile,51529
Anything is possible in this era,SipsTea,45179
Meirl,meirl,43083
Reporter: You just suggested that Iran somehow got its hands on a Tomahawk and bombed its own elementary school on the first day of the war. Why are you the only person saying this? Trump: Because I just don’t know enough about it.,SipsTea,42352
Democratic governor vetoes Charlie Kirk memorial license plates in Arizona,politics,41158
TikTok brains saying my dihh and unalived,memes,40451
I found this pretty inspirational right now,TikTokCringe,66513
Mozzarella stick tattoo,oddlysatisfying,56921
👏👏,BeAmazed,54812
"Daniel Ellsberg, a U.S. military analyst who secretly photocopied 7,000 pages of classified documents about the Vietnam War and later leaked them in 1971 as ""Pentagon Papers,"" exposing years of misleading information from U.S. officials. This leak became one of history’s most famous whistleblowing.",interestingasfuck,50634
Hit the big 5 year mark for being cancer-free!,MadeMeSmile,51557
Anything is possible in this era,SipsTea,45186
Meirl,meirl,43086
Reporter: You just suggested that Iran somehow got its hands on a Tomahawk and bombed its own elementary school on the first day of the war. Why are you the only person saying this? Trump: Because I just don’t know enough about it.,SipsTea,42376
Democratic governor vetoes Charlie Kirk memorial license plates in Arizona,politics,41182
TikTok brains saying my dihh and unalived,memes,40463
I found this pretty inspirational right now,TikTokCringe,66516
Mozzarella stick tattoo,oddlysatisfying,56926
👏👏,BeAmazed,54807
"Daniel Ellsberg, a U.S. military analyst who secretly photocopied 7,000 pages of classified documents about the Vietnam War and later leaked them in 1971 as ""Pentagon Papers,"" exposing years of misleading information from U.S. officials. This leak became one of history’s most famous whistleblowing.",interestingasfuck,50636
Hit the big 5 year mark for being cancer-free!,MadeMeSmile,51542
Anything is possible in this era,SipsTea,45191
Meirl,meirl,43085
Reporter: You just suggested that Iran somehow got its hands on a Tomahawk and bombed its own elementary school on the first day of the war. Why are you the only person saying this? Trump: Because I just don’t know enough about it.,SipsTea,42361
Democratic governor vetoes Charlie Kirk memorial license plates in Arizona,politics,41169
TikTok brains saying my dihh and unalived,memes,40466
I found this pretty inspirational right now,TikTokCringe,66520
Mozzarella stick tattoo,oddlysatisfying,56945
👏👏,BeAmazed,54820
"Daniel Ellsberg, a U.S. military analyst who secretly photocopied 7,000 pages of classified documents about the Vietnam War and later leaked them in 1971 as ""Pentagon Papers,"" exposing years of misleading information from U.S. officials. This leak became one of history’s most famous whistleblowing.",interestingasfuck,50631
Hit the big 5 year mark for being cancer-free!,MadeMeSmile,51596
Anything is possible in this era,SipsTea,45200
Meirl,meirl,43095
Reporter: You just suggested that Iran somehow got its hands on a Tomahawk and bombed its own elementary school on the first day of the war. Why are you the only person saying this? Trump: Because I just don’t know enough about it.,SipsTea,42399
Democratic governor vetoes Charlie Kirk memorial license plates in Arizona,politics,41171
TikTok brains saying my dihh and unalived,memes,40479
I found this pretty inspirational right now,TikTokCringe,66514
Mozzarella stick tattoo,oddlysatisfying,56937
👏👏,BeAmazed,54820
"Daniel Ellsberg, a U.S. military analyst who secretly photocopied 7,000 pages of classified documents about the Vietnam War and later leaked them in 1971 as ""Pentagon Papers,"" exposing years of misleading information from U.S. officials. This leak became one of history’s most famous whistleblowing.",interestingasfuck,50642
Hit the big 5 year mark for being cancer-free!,MadeMeSmile,51602
Anything is possible in this era,SipsTea,45203
Meirl,meirl,43088
Reporter: You just suggested that Iran somehow got its hands on a Tomahawk and bombed its own elementary school on the first day of the war. Why are you the only person saying this? Trump: Because I just don’t know enough about it.,SipsTea,42395
Democratic governor vetoes Charlie Kirk memorial license plates in Arizona,politics,41172
TikTok brains saying my dihh and unalived,memes,40484
I found this pretty inspirational right now,TikTokCringe,66528
Mozzarella stick tattoo,oddlysatisfying,56966
👏👏,BeAmazed,54834
"Daniel Ellsberg, a U.S. military analyst who secretly photocopied 7,000 pages of classified documents about the Vietnam War and later leaked them in 1971 as ""Pentagon Papers,"" exposing years of misleading information from U.S. officials. This leak became one of history’s most famous whistleblowing.",interestingasfuck,50643
Hit the big 5 year mark for being cancer-free!,MadeMeSmile,51615
Anything is possible in this era,SipsTea,45208
Meirl,meirl,43102
Reporter: You just suggested that Iran somehow got its hands on a Tomahawk and bombed its own elementary school on the first day of the war. Why are you the only person saying this? Trump: Because I just don’t know enough about it.,SipsTea,42416
Democratic governor vetoes Charlie Kirk memorial license plates in Arizona,politics,41183
TikTok brains saying my dihh and unalived,memes,40502
I found this pretty inspirational right now,TikTokCringe,66524
Mozzarella stick tattoo,oddlysatisfying,56972
👏👏,BeAmazed,54833
"Daniel Ellsberg, a U.S. military analyst who secretly photocopied 7,000 pages of classified documents about the Vietnam War and later leaked them in 1971 as ""Pentagon Papers,"" exposing years of misleading information from U.S. officials. This leak became one of history’s most famous whistleblowing.",interestingasfuck,50647
Hit the big 5 year mark for being cancer-free!,MadeMeSmile,51627
Anything is possible in this era,SipsTea,45211
Meirl,meirl,43101
Reporter: You just suggested that Iran somehow got its hands on a Tomahawk and bombed its own elementary school on the first day of the war. Why are you the only person saying this? Trump: Because I just don’t know enough about it.,SipsTea,42424
Democratic governor vetoes Charlie Kirk memorial license plates in Arizona,politics,41188
TikTok brains saying my dihh and unalived,memes,40505
I found this pretty inspirational right now,TikTokCringe,66526
Mozzarella stick tattoo,oddlysatisfying,56992
👏👏,BeAmazed,54846
"Daniel Ellsberg, a U.S. military analyst who secretly photocopied 7,000 pages of classified documents about the Vietnam War and later leaked them in 1971 as ""Pentagon Papers,"" exposing years of misleading information from U.S. officials. This leak became one of history’s most famous whistleblowing.",interestingasfuck,50648
Hit the big 5 year mark for being cancer-free!,MadeMeSmile,51658
Anything is possible in this era,SipsTea,45216
Meirl,meirl,43116
Reporter: You just suggested that Iran somehow got its hands on a Tomahawk and bombed its own elementary school on the first day of the war. Why are you the only person saying this? Trump: Because I just don’t know enough about it.,SipsTea,42447
Democratic governor vetoes Charlie Kirk memorial license plates in Arizona,politics,41190
TikTok brains saying my dihh and unalived,memes,40511
I found this pretty inspirational right now,TikTokCringe,66543
Mozzarella stick tattoo,oddlysatisfying,56998
👏👏,BeAmazed,54848
"Daniel Ellsberg, a U.S. military analyst who secretly photocopied 7,000 pages of classified documents about the Vietnam War and later leaked them in 1971 as ""Pentagon Papers,"" exposing years of misleading information from U.S. officials. This leak became one of history’s most famous whistleblowing.",interestingasfuck,50647
Hit the big 5 year mark for being cancer-free!,MadeMeSmile,51660
Anything is possible in this era,SipsTea,45225
Meirl,meirl,43108
Reporter: You just suggested that Iran somehow got its hands on a Tomahawk and bombed its own elementary school on the first day of the war. Why are you the only person saying this? Trump: Because I just don’t know enough about it.,SipsTea,42456
Democratic governor vetoes Charlie Kirk memorial license plates in Arizona,politics,41191
TikTok brains saying my dihh and unalived,memes,40515
I found this pretty inspirational right now,TikTokCringe,66540
Mozzarella stick tattoo,oddlysatisfying,57024
👏👏,BeAmazed,54868
"Daniel Ellsberg, a U.S. military analyst who secretly photocopied 7,000 pages of classified documents about the Vietnam War and later leaked them in 1971 as ""Pentagon Papers,"" exposing years of misleading information from U.S. officials. This leak became one of history’s most famous whistleblowing.",interestingasfuck,50654
Hit the big 5 year mark for being cancer-free!,MadeMeSmile,51687
Anything is possible in this era,SipsTea,45235
Meirl,meirl,43124
Reporter: You just suggested that Iran somehow got its hands on a Tomahawk and bombed its own elementary school on the first day of the war. Why are you the only person saying this? Trump: Because I just don’t know enough about it.,SipsTea,42483
Democratic governor vetoes Charlie Kirk memorial license plates in Arizona,politics,41190
TikTok brains saying my dihh and unalived,memes,40529
I found this pretty inspirational right now,TikTokCringe,66547
Mozzarella stick tattoo,oddlysatisfying,57023
👏👏,BeAmazed,54860
"Daniel Ellsberg, a U.S. military analyst who secretly photocopied 7,000 pages of classified documents about the Vietnam War and later leaked them in 1971 as ""Pentagon Papers,"" exposing years of misleading information from U.S. officials. This leak became one of history’s most famous whistleblowing.",interestingasfuck,50647
Hit the big 5 year mark for being cancer-free!,MadeMeSmile,51688
Anything is possible in this era,SipsTea,45234
Meirl,meirl,43121
Reporter: You just suggested that Iran somehow got its hands on a Tomahawk and bombed its own elementary school on the first day of the war. Why are you the only person saying this? Trump: Because I just don’t know enough about it.,SipsTea,42476
Democratic governor vetoes Charlie Kirk memorial license plates in Arizona,politics,41189
TikTok brains saying my dihh and unalived,memes,40524
I found this pretty inspirational right now,TikTokCringe,66559
Mozzarella stick tattoo,oddlysatisfying,57048
👏👏,BeAmazed,54860
"Daniel Ellsberg, a U.S. military analyst who secretly photocopied 7,000 pages of classified documents about the Vietnam War and later leaked them in 1971 as ""Pentagon Papers,"" exposing years of misleading information from U.S. officials. This leak became one of history’s most famous whistleblowing.",interestingasfuck,50658
Hit the big 5 year mark for being cancer-free!,MadeMeSmile,51729
Anything is possible in this era,SipsTea,45247
Meirl,meirl,43132
Reporter: You just suggested that Iran somehow got its hands on a Tomahawk and bombed its own elementary school on the first day of the war. Why are you the only person saying this? Trump: Because I just don’t know enough about it.,SipsTea,42505
Democratic governor vetoes Charlie Kirk memorial license plates in Arizona,politics,41199
TikTok brains saying my dihh and unalived,memes,40553
I found this pretty inspirational right now,TikTokCringe,66562
Mozzarella stick tattoo,oddlysatisfying,57047
👏👏,BeAmazed,54868
"Daniel Ellsberg, a U.S. military analyst who secretly photocopied 7,000 pages of classified documents about the Vietnam War and later leaked them in 1971 as ""Pentagon Papers,"" exposing years of misleading information from U.S. officials. This leak became one of history’s most famous whistleblowing.",interestingasfuck,50653
Hit the big 5 year mark for being cancer-free!,MadeMeSmile,51727
Anything is possible in this era,SipsTea,45241
Meirl,meirl,43126
Reporter: You just suggested that Iran somehow got its hands on a Tomahawk and bombed its own elementary school on the first day of the war. Why are you the only person saying this? Trump: Because I just don’t know enough about it.,SipsTea,42507
Democratic governor vetoes Charlie Kirk memorial license plates in Arizona,politics,41207
TikTok brains saying my dihh and unalived,memes,40540
I found this pretty inspirational right now,TikTokCringe,66570
Mozzarella stick tattoo,oddlysatisfying,57074
👏👏,BeAmazed,54872
"Daniel Ellsberg, a U.S. military analyst who secretly photocopied 7,000 pages of classified documents about the Vietnam War and later leaked them in 1971 as ""Pentagon Papers,"" exposing years of misleading information from U.S. officials. This leak became one of history’s most famous whistleblowing.",interestingasfuck,50657
Hit the big 5 year mark for being cancer-free!,MadeMeSmile,51743
Anything is possible in this era,SipsTea,45247
Meirl,meirl,43132
Reporter: You just suggested that Iran somehow got its hands on a Tomahawk and bombed its own elementary school on the first day of the war. Why are you the only person saying this? Trump: Because I just don’t know enough about it.,SipsTea,42534
Democratic governor vetoes Charlie Kirk memorial license plates in Arizona,politics,41199
TikTok brains saying my dihh and unalived,memes,40569
I found this pretty inspirational right now,TikTokCringe,66573
Mozzarella stick tattoo,oddlysatisfying,57075
👏👏,BeAmazed,54874
"Daniel Ellsberg, a U.S. military analyst who secretly photocopied 7,000 pages of classified documents about the Vietnam War and later leaked them in 1971 as ""Pentagon Papers,"" exposing years of misleading information from U.S. officials. This leak became one of history’s most famous whistleblowing.",interestingasfuck,50663
Hit the big 5 year mark for being cancer-free!,MadeMeSmile,51759
Anything is possible in this era,SipsTea,45251
Meirl,meirl,43138
Reporter: You just suggested that Iran somehow got its hands on a Tomahawk and bombed its own elementary school on the first day of the war. Why are you the only person saying this? Trump: Because I just don’t know enough about it.,SipsTea,42532
Democratic governor vetoes Charlie Kirk memorial license plates in Arizona,politics,41208
TikTok brains saying my dihh and unalived,memes,40571
I found this pretty inspirational right now,TikTokCringe,66576
Mozzarella stick tattoo,oddlysatisfying,57086
👏👏,BeAmazed,54888
"Daniel Ellsberg, a U.S. military analyst who secretly photocopied 7,000 pages of classified documents about the Vietnam War and later leaked them in 1971 as ""Pentagon Papers,"" exposing years of misleading information from U.S. officials. This leak became one of history’s most famous whistleblowing.",interestingasfuck,50667
Hit the big 5 year mark for being cancer-free!,MadeMeSmile,51785
Anything is possible in this era,SipsTea,45258
Meirl,meirl,43154
Reporter: You just suggested that Iran somehow got its hands on a Tomahawk and bombed its own elementary school on the first day of the war. Why are you the only person saying this? Trump: Because I just don’t know enough about it.,SipsTea,42556
Democratic governor vetoes Charlie Kirk memorial license plates in Arizona,politics,41210
TikTok brains saying my dihh and unalived,memes,40577
I found this pretty inspirational right now,TikTokCringe,66588
Mozzarella stick tattoo,oddlysatisfying,57096
👏👏,BeAmazed,54890
"Daniel Ellsberg, a U.S. military analyst who secretly photocopied 7,000 pages of classified documents about the Vietnam War and later leaked them in 1971 as ""Pentagon Papers,"" exposing years of misleading information from U.S. officials. This leak became one of history’s most famous whistleblowing.",interestingasfuck,50662
Hit the big 5 year mark for being cancer-free!,MadeMeSmile,51782
Anything is possible in this era,SipsTea,45263
Meirl,meirl,43156
Reporter: You just suggested that Iran somehow got its hands on a Tomahawk and bombed its own elementary school on the first day of the war. Why are you the only person saying this? Trump: Because I just don’t know enough about it.,SipsTea,42554
Democratic governor vetoes Charlie Kirk memorial license plates in Arizona,politics,41209
TikTok brains saying my dihh and unalived,memes,40579
I found this pretty inspirational right now,TikTokCringe,66602
Mozzarella stick tattoo,oddlysatisfying,57119
👏👏,BeAmazed,54903
"Daniel Ellsberg, a U.S. military analyst who secretly photocopied 7,000 pages of classified documents about the Vietnam War and later leaked them in 1971 as ""Pentagon Papers,"" exposing years of misleading information from U.S. officials. This leak became one of history’s most famous whistleblowing.",interestingasfuck,50670
Hit the big 5 year mark for being cancer-free!,MadeMeSmile,51815
Anything is possible in this era,SipsTea,45268
Meirl,meirl,43165
Reporter: You just suggested that Iran somehow got its hands on a Tomahawk and bombed its own elementary school on the first day of the war. Why are you the only person saying this? Trump: Because I just don’t know enough about it.,SipsTea,42588
Democratic governor vetoes Charlie Kirk memorial license plates in Arizona,politics,41210
TikTok brains saying my dihh and unalived,memes,40585
I found this pretty inspirational right now,TikTokCringe,66597
Mozzarella stick tattoo,oddlysatisfying,57123
👏👏,BeAmazed,54898
"Daniel Ellsberg, a U.S. military analyst who secretly photocopied 7,000 pages of classified documents about the Vietnam War and later leaked them in 1971 as ""Pentagon Papers,"" exposing years of misleading information from U.S. officials. This leak became one of history’s most famous whistleblowing.",interestingasfuck,50667
Hit the big 5 year mark for being cancer-free!,MadeMeSmile,51819
Anything is possible in this era,SipsTea,45270
Meirl,meirl,43169
Reporter: You just suggested that Iran somehow got its hands on a Tomahawk and bombed its own elementary school on the first day of the war. Why are you the only person saying this? Trump: Because I just don’t know enough about it.,SipsTea,42584
Democratic governor vetoes Charlie Kirk memorial license plates in Arizona,politics,41210
TikTok brains saying my dihh and unalived,memes,40585
I found this pretty inspirational right now,TikTokCringe,66612
Mozzarella stick tattoo,oddlysatisfying,57147
👏👏,BeAmazed,54899
"Daniel Ellsberg, a U.S. military analyst who secretly photocopied 7,000 pages of classified documents about the Vietnam War and later leaked them in 1971 as ""Pentagon Papers,"" exposing years of misleading information from U.S. officials. This leak became one of history’s most famous whistleblowing.",interestingasfuck,50679
Hit the big 5 year mark for being cancer-free!,MadeMeSmile,51858
Anything is possible in this era,SipsTea,45283
Meirl,meirl,43169
Reporter: You just suggested that Iran somehow got its hands on a Tomahawk and bombed its own elementary school on the first day of the war. Why are you the only person saying this? Trump: Because I just don’t know enough about it.,SipsTea,42612
Democratic governor vetoes Charlie Kirk memorial license plates in Arizona,politics,41223
TikTok brains saying my dihh and unalived,memes,40600
I found this pretty inspirational right now,TikTokCringe,66602
Mozzarella stick tattoo,oddlysatisfying,57147
👏👏,BeAmazed,54904
"Daniel Ellsberg, a U.S. military analyst who secretly photocopied 7,000 pages of classified documents about the Vietnam War and later leaked them in 1971 as ""Pentagon Papers,"" exposing years of misleading information from U.S. officials. This leak became one of history’s most famous whistleblowing.",interestingasfuck,50667
Hit the big 5 year mark for being cancer-free!,MadeMeSmile,51869
Anything is possible in this era,SipsTea,45276
Meirl,meirl,43174
Reporter: You just suggested that Iran somehow got its hands on a Tomahawk and bombed its own elementary school on the first day of the war. Why are you the only person saying this? Trump: Because I just don’t know enough about it.,SipsTea,42604
Democratic governor vetoes Charlie Kirk memorial license plates in Arizona,politics,41218
TikTok brains saying my dihh and unalived,memes,40595
I found this pretty inspirational right now,TikTokCringe,66612
Mozzarella stick tattoo,oddlysatisfying,57178
👏👏,BeAmazed,54928
"Daniel Ellsberg, a U.S. military analyst who secretly photocopied 7,000 pages of classified documents about the Vietnam War and later leaked them in 1971 as ""Pentagon Papers,"" exposing years of misleading information from U.S. officials. This leak became one of history’s most famous whistleblowing.",interestingasfuck,50679
Hit the big 5 year mark for being cancer-free!,MadeMeSmile,51898
Anything is possible in this era,SipsTea,45281
Meirl,meirl,43180
Reporter: You just suggested that Iran somehow got its hands on a Tomahawk and bombed its own elementary school on the first day of the war. Why are you the only person saying this? Trump: Because I just don’t know enough about it.,SipsTea,42637
Democratic governor vetoes Charlie Kirk memorial license plates in Arizona,politics,41226
TikTok brains saying my dihh and unalived,memes,40605
I found this pretty inspirational right now,TikTokCringe,66611
Mozzarella stick tattoo,oddlysatisfying,57168
👏👏,BeAmazed,54927
"Daniel Ellsberg, a U.S. military analyst who secretly photocopied 7,000 pages of classified documents about the Vietnam War and later leaked them in 1971 as ""Pentagon Papers,"" exposing years of misleading information from U.S. officials. This leak became one of history’s most famous whistleblowing.",interestingasfuck,50678
Hit the big 5 year mark for being cancer-free!,MadeMeSmile,51901
Anything is possible in this era,SipsTea,45287
Meirl,meirl,43168
Reporter: You just suggested that Iran somehow got its hands on a Tomahawk and bombed its own elementary school on the first day of the war. Why are you the only person saying this? Trump: Because I just don’t know enough about it.,SipsTea,42637
Democratic governor vetoes Charlie Kirk memorial license plates in Arizona,politics,41225
TikTok brains saying my dihh and unalived,memes,40621
I found this pretty inspirational right now,TikTokCringe,66618
Mozzarella stick tattoo,oddlysatisfying,57189
👏👏,BeAmazed,54939
"Daniel Ellsberg, a U.S. military analyst who secretly photocopied 7,000 pages of classified documents about the Vietnam War and later leaked them in 1971 as ""Pentagon Papers,"" exposing years of misleading information from U.S. officials. This leak became one of history’s most famous whistleblowing.",interestingasfuck,50690
Hit the big 5 year mark for being cancer-free!,MadeMeSmile,51931
Anything is possible in this era,SipsTea,45298
Meirl,meirl,43180
Reporter: You just suggested that Iran somehow got its hands on a Tomahawk and bombed its own elementary school on the first day of the war. Why are you the only person saying this? Trump: Because I just don’t know enough about it.,SipsTea,42666
Democratic governor vetoes Charlie Kirk memorial license plates in Arizona,politics,41226
TikTok brains saying my dihh and unalived,memes,40637
I found this pretty inspirational right now,TikTokCringe,66630
Mozzarella stick tattoo,oddlysatisfying,57197
👏👏,BeAmazed,54937
"Daniel Ellsberg, a U.S. military analyst who secretly photocopied 7,000 pages of classified documents about the Vietnam War and later leaked them in 1971 as ""Pentagon Papers,"" exposing years of misleading information from U.S. officials. This leak became one of history’s most famous whistleblowing.",interestingasfuck,50689
Hit the big 5 year mark for being cancer-free!,MadeMeSmile,51939
Anything is possible in this era,SipsTea,45299
Meirl,meirl,43186
Reporter: You just suggested that Iran somehow got its hands on a Tomahawk and bombed its own elementary school on the first day of the war. Why are you the only person saying this? Trump: Because I just don’t know enough about it.,SipsTea,42664
Democratic governor vetoes Charlie Kirk memorial license plates in Arizona,politics,41220
TikTok brains saying my dihh and unalived,memes,40630
I found this pretty inspirational right now,TikTokCringe,66643
Mozzarella stick tattoo,oddlysatisfying,57198
👏👏,BeAmazed,54944
"Daniel Ellsberg, a U.S. military analyst who secretly photocopied 7,000 pages of classified documents about the Vietnam War and later leaked them in 1971 as ""Pentagon Papers,"" exposing years of misleading information from U.S. officials. This leak became one of history’s most famous whistleblowing.",interestingasfuck,50689
Hit the big 5 year mark for being cancer-free!,MadeMeSmile,51956
Anything is possible in this era,SipsTea,45315
Meirl,meirl,43191
Reporter: You just suggested that Iran somehow got its hands on a Tomahawk and bombed its own elementary school on the first day of the war. Why are you the only person saying this? Trump: Because I just don’t know enough about it.,SipsTea,42685
Democratic governor vetoes Charlie Kirk memorial license plates in Arizona,politics,41231
TikTok brains saying my dihh and unalived,memes,40645
I found this pretty inspirational right now,TikTokCringe,66643
Mozzarella stick tattoo,oddlysatisfying,57210
👏👏,BeAmazed,54943
"Daniel Ellsberg, a U.S. military analyst who secretly photocopied 7,000 pages of classified documents about the Vietnam War and later leaked them in 1971 as ""Pentagon Papers,"" exposing years of misleading information from U.S. officials. This leak became one of history’s most famous whistleblowing.",interestingasfuck,50687
Hit the big 5 year mark for being cancer-free!,MadeMeSmile,51958
Anything is possible in this era,SipsTea,45304
Meirl,meirl,43198
Reporter: You just suggested that Iran somehow got its hands on a Tomahawk and bombed its own elementary school on the first day of the war. Why are you the only person saying this? Trump: Because I just don’t know enough about it.,SipsTea,42697
Democratic governor vetoes Charlie Kirk memorial license plates in Arizona,politics,41238
TikTok brains saying my dihh and unalived,memes,40647
I found this pretty inspirational right now,TikTokCringe,66649
Mozzarella stick tattoo,oddlysatisfying,57232
👏👏,BeAmazed,54972
"Daniel Ellsberg, a U.S. military analyst who secretly photocopied 7,000 pages of classified documents about the Vietnam War and later leaked them in 1971 as ""Pentagon Papers,"" exposing years of misleading information from U.S. officials. This leak became one of history’s most famous whistleblowing.",interestingasfuck,50690
Hit the big 5 year mark for being cancer-free!,MadeMeSmile,51990
Anything is possible in this era,SipsTea,45323
Meirl,meirl,43205
Reporter: You just suggested that Iran somehow got its hands on a Tomahawk and bombed its own elementary school on the first day of the war. Why are you the only person saying this? Trump: Because I just don’t know enough about it.,SipsTea,42722
Democratic governor vetoes Charlie Kirk memorial license plates in Arizona,politics,41238
TikTok brains saying my dihh and unalived,memes,40662
I found this pretty inspirational right now,TikTokCringe,66668
Mozzarella stick tattoo,oddlysatisfying,57250
👏👏,BeAmazed,54970
"Daniel Ellsberg, a U.S. military analyst who secretly photocopied 7,000 pages of classified documents about the Vietnam War and later leaked them in 1971 as ""Pentagon Papers,"" exposing years of misleading information from U.S. officials. This leak became one of history’s most famous whistleblowing.",interestingasfuck,50689
Hit the big 5 year mark for being cancer-free!,MadeMeSmile,52012
Anything is possible in this era,SipsTea,45326
Meirl,meirl,43215
Reporter: You just suggested that Iran somehow got its hands on a Tomahawk and bombed its own elementary school on the first day of the war. Why are you the only person saying this? Trump: Because I just don’t know enough about it.,SipsTea,42751
Democratic governor vetoes Charlie Kirk memorial license plates in Arizona,politics,41254
TikTok brains saying my dihh and unalived,memes,40689
I found this pretty inspirational right now,TikTokCringe,66684
Mozzarella stick tattoo,oddlysatisfying,57273
👏👏,BeAmazed,54984
"Daniel Ellsberg, a U.S. military analyst who secretly photocopied 7,000 pages of classified documents about the Vietnam War and later leaked them in 1971 as ""Pentagon Papers,"" exposing years of misleading information from U.S. officials. This leak became one of history’s most famous whistleblowing.",interestingasfuck,50697
Hit the big 5 year mark for being cancer-free!,MadeMeSmile,52057
Anything is possible in this era,SipsTea,45345
Meirl,meirl,43226
Reporter: You just suggested that Iran somehow got its hands on a Tomahawk and bombed its own elementary school on the first day of the war. Why are you the only person saying this? Trump: Because I just don’t know enough about it.,SipsTea,42761
Democratic governor vetoes Charlie Kirk memorial license plates in Arizona,politics,41257
TikTok brains saying my dihh and unalived,memes,40711
I found this pretty inspirational right now,TikTokCringe,66696
Mozzarella stick tattoo,oddlysatisfying,57298
👏👏,BeAmazed,54992
"Daniel Ellsberg, a U.S. military analyst who secretly photocopied 7,000 pages of classified documents about the Vietnam War and later leaked them in 1971 as ""Pentagon Papers,"" exposing years of misleading information from U.S. officials. This leak became one of history’s most famous whistleblowing.",interestingasfuck,50700
Hit the big 5 year mark for being cancer-free!,MadeMeSmile,52085
Anything is possible in this era,SipsTea,45344
Meirl,meirl,43240
Reporter: You just suggested that Iran somehow got its hands on a Tomahawk and bombed its own elementary school on the first day of the war. Why are you the only person saying this? Trump: Because I just don’t know enough about it.,SipsTea,42778
Democratic governor vetoes Charlie Kirk memorial license plates in Arizona,politics,41267
TikTok brains saying my dihh and unalived,memes,40712
I found this pretty inspirational right now,TikTokCringe,66706
Mozzarella stick tattoo,oddlysatisfying,57313
👏👏,BeAmazed,55006
"Daniel Ellsberg, a U.S. military analyst who secretly photocopied 7,000 pages of classified documents about the Vietnam War and later leaked them in 1971 as ""Pentagon Papers,"" exposing years of misleading information from U.S. officials. This leak became one of history’s most famous whistleblowing.",interestingasfuck,50709
Hit the big 5 year mark for being cancer-free!,MadeMeSmile,52122
Anything is possible in this era,SipsTea,45359
Meirl,meirl,43244
Reporter: You just suggested that Iran somehow got its hands on a Tomahawk and bombed its own elementary school on the first day of the war. Why are you the only person saying this? Trump: Because I just don’t know enough about it.,SipsTea,42815
Democratic governor vetoes Charlie Kirk memorial license plates in Arizona,politics,41276
TikTok brains saying my dihh and unalived,memes,40732
I found this pretty inspirational right now,TikTokCringe,66725
Mozzarella stick tattoo,oddlysatisfying,57335
👏👏,BeAmazed,55011
"Daniel Ellsberg, a U.S. military analyst who secretly photocopied 7,000 pages of classified documents about the Vietnam War and later leaked them in 1971 as ""Pentagon Papers,"" exposing years of misleading information from U.S. officials. This leak became one of history’s most famous whistleblowing.",interestingasfuck,50721
Hit the big 5 year mark for being cancer-free!,MadeMeSmile,52164
Anything is possible in this era,SipsTea,45365
Meirl,meirl,43248
Reporter: You just suggested that Iran somehow got its hands on a Tomahawk and bombed its own elementary school on the first day of the war. Why are you the only person saying this? Trump: Because I just don’t know enough about it.,SipsTea,42839
Democratic governor vetoes Charlie Kirk memorial license plates in Arizona,politics,41275
TikTok brains saying my dihh and unalived,memes,40741
I found this pretty inspirational right now,TikTokCringe,66734
Mozzarella stick tattoo,oddlysatisfying,57359
👏👏,BeAmazed,55018
"Daniel Ellsberg, a U.S. military analyst who secretly photocopied 7,000 pages of classified documents about the Vietnam War and later leaked them in 1971 as ""Pentagon Papers,"" exposing years of misleading information from U.S. officials. This leak became one of history’s most famous whistleblowing.",interestingasfuck,50720
Hit the big 5 year mark for being cancer-free!,MadeMeSmile,52180
Anything is possible in this era,SipsTea,45383
Meirl,meirl,43261
Reporter: You just suggested that Iran somehow got its hands on a Tomahawk and bombed its own elementary school on the first day of the war. Why are you the only person saying this? Trump: Because I just don’t know enough about it.,SipsTea,42853
Democratic governor vetoes Charlie Kirk memorial license plates in Arizona,politics,41289
TikTok brains saying my dihh and unalived,memes,40760
I found this pretty inspirational right now,TikTokCringe,66732
Mozzarella stick tattoo,oddlysatisfying,57383
👏👏,BeAmazed,55034
"Daniel Ellsberg, a U.S. military analyst who secretly photocopied 7,000 pages of classified documents about the Vietnam War and later leaked them in 1971 as ""Pentagon Papers,"" exposing years of misleading information from U.S. officials. This leak became one of history’s most famous whistleblowing.",interestingasfuck,50729
Hit the big 5 year mark for being cancer-free!,MadeMeSmile,52227
Anything is possible in this era,SipsTea,45389
Meirl,meirl,43271
Reporter: You just suggested that Iran somehow got its hands on a Tomahawk and bombed its own elementary school on the first day of the war. Why are you the only person saying this? Trump: Because I just don’t know enough about it.,SipsTea,42876
Democratic governor vetoes Charlie Kirk memorial license plates in Arizona,politics,41284
TikTok brains saying my dihh and unalived,memes,40790
I found this pretty inspirational right now,TikTokCringe,66754
Mozzarella stick tattoo,oddlysatisfying,57410
👏👏,BeAmazed,55047
"Daniel Ellsberg, a U.S. military analyst who secretly photocopied 7,000 pages of classified documents about the Vietnam War and later leaked them in 1971 as ""Pentagon Papers,"" exposing years of misleading information from U.S. officials. This leak became one of history’s most famous whistleblowing.",interestingasfuck,50723
Hit the big 5 year mark for being cancer-free!,MadeMeSmile,52253
Anything is possible in this era,SipsTea,45402
Meirl,meirl,43287
Reporter: You just suggested that Iran somehow got its hands on a Tomahawk and bombed its own elementary school on the first day of the war. Why are you the only person saying this? Trump: Because I just don’t know enough about it.,SipsTea,42892
Democratic governor vetoes Charlie Kirk memorial license plates in Arizona,politics,41301
TikTok brains saying my dihh and unalived,memes,40808
I found this pretty inspirational right now,TikTokCringe,66765
Mozzarella stick tattoo,oddlysatisfying,57423
👏👏,BeAmazed,55044
"Daniel Ellsberg, a U.S. military analyst who secretly photocopied 7,000 pages of classified documents about the Vietnam War and later leaked them in 1971 as ""Pentagon Papers,"" exposing years of misleading information from U.S. officials. This leak became one of history’s most famous whistleblowing.",interestingasfuck,50732
Hit the big 5 year mark for being cancer-free!,MadeMeSmile,52284
Anything is possible in this era,SipsTea,45416
Meirl,meirl,43304
Reporter: You just suggested that Iran somehow got its hands on a Tomahawk and bombed its own elementary school on the first day of the war. Why are you the only person saying this? Trump: Because I just don’t know enough about it.,SipsTea,42909
Democratic governor vetoes Charlie Kirk memorial license plates in Arizona,politics,41312
TikTok brains saying my dihh and unalived,memes,40817
I found this pretty inspirational right now,TikTokCringe,66767
Mozzarella stick tattoo,oddlysatisfying,57469
👏👏,BeAmazed,55055
"Daniel Ellsberg, a U.S. military analyst who secretly photocopied 7,000 pages of classified documents about the Vietnam War and later leaked them in 1971 as ""Pentagon Papers,"" exposing years of misleading information from U.S. officials. This leak became one of history’s most famous whistleblowing.",interestingasfuck,50732
Hit the big 5 year mark for being cancer-free!,MadeMeSmile,52331
Anything is possible in this era,SipsTea,45418
Meirl,meirl,43315
Reporter: You just suggested that Iran somehow got its hands on a Tomahawk and bombed its own elementary school on the first day of the war. Why are you the only person saying this? Trump: Because I just don’t know enough about it.,SipsTea,42931
Democratic governor vetoes Charlie Kirk memorial license plates in Arizona,politics,41305
TikTok brains saying my dihh and unalived,memes,40840
I found this pretty inspirational right now,TikTokCringe,66774
Mozzarella stick tattoo,oddlysatisfying,57487
👏👏,BeAmazed,55070
"Daniel Ellsberg, a U.S. military analyst who secretly photocopied 7,000 pages of classified documents about the Vietnam War and later leaked them in 1971 as ""Pentagon Papers,"" exposing years of misleading information from U.S. officials. This leak became one of history’s most famous whistleblowing.",interestingasfuck,50741
Hit the big 5 year mark for being cancer-free!,MadeMeSmile,52354
Anything is possible in this era,SipsTea,45430
Meirl,meirl,43319
Reporter: You just suggested that Iran somehow got its hands on a Tomahawk and bombed its own elementary school on the first day of the war. Why are you the only person saying this? Trump: Because I just don’t know enough about it.,SipsTea,42954
Democratic governor vetoes Charlie Kirk memorial license plates in Arizona,politics,41311
TikTok brains saying my dihh and unalived,memes,40853
I found this pretty inspirational right now,TikTokCringe,66781
Mozzarella stick tattoo,oddlysatisfying,57529
👏👏,BeAmazed,55092
"Daniel Ellsberg, a U.S. military analyst who secretly photocopied 7,000 pages of classified documents about the Vietnam War and later leaked them in 1971 as ""Pentagon Papers,"" exposing years of misleading information from U.S. officials. This leak became one of history’s most famous whistleblowing.",interestingasfuck,50747
Hit the big 5 year mark for being cancer-free!,MadeMeSmile,52406
Anything is possible in this era,SipsTea,45453
Meirl,meirl,43327
Reporter: You just suggested that Iran somehow got its hands on a Tomahawk and bombed its own elementary school on the first day of the war. Why are you the only person saying this? Trump: Because I just don’t know enough about it.,SipsTea,42981
Democratic governor vetoes Charlie Kirk memorial license plates in Arizona,politics,41317
TikTok brains saying my dihh and unalived,memes,40866
I found this pretty inspirational right now,TikTokCringe,66790
Mozzarella stick tattoo,oddlysatisfying,57534
👏👏,BeAmazed,55093
Hit the big 5 year mark for being cancer-free!,MadeMeSmile,52418
"Daniel Ellsberg, a U.S. military analyst who secretly photocopied 7,000 pages of classified documents about the Vietnam War and later leaked them in 1971 as ""Pentagon Papers,"" exposing years of misleading information from U.S. officials. This leak became one of history’s most famous whistleblowing.",interestingasfuck,50751
Anything is possible in this era,SipsTea,45464
Meirl,meirl,43339
Reporter: You just suggested that Iran somehow got its hands on a Tomahawk and bombed its own elementary school on the first day of the war. Why are you the only person saying this? Trump: Because I just don’t know enough about it.,SipsTea,43006
:3🔪,interestingasfuck,42660
Democratic governor vetoes Charlie Kirk memorial license plates in Arizona,politics,41323
I found this pretty inspirational right now,TikTokCringe,66801
Mozzarella stick tattoo,oddlysatisfying,57578
👏👏,BeAmazed,55100
Hit the big 5 year mark for being cancer-free!,MadeMeSmile,52446
"Daniel Ellsberg, a U.S. military analyst who secretly photocopied 7,000 pages of classified documents about the Vietnam War and later leaked them in 1971 as ""Pentagon Papers,"" exposing years of misleading information from U.S. officials. This leak became one of history’s most famous whistleblowing.",interestingasfuck,50758
Anything is possible in this era,SipsTea,45463
Meirl,meirl,43341
Reporter: You just suggested that Iran somehow got its hands on a Tomahawk and bombed its own elementary school on the first day of the war. Why are you the only person saying this? Trump: Because I just don’t know enough about it.,SipsTea,43023
:3🔪,interestingasfuck,43018
Democratic governor vetoes Charlie Kirk memorial license plates in Arizona,politics,41328
I found this pretty inspirational right now,TikTokCringe,66806
Mozzarella stick tattoo,oddlysatisfying,57592
👏👏,BeAmazed,55117
Hit the big 5 year mark for being cancer-free!,MadeMeSmile,52479
Anything is possible in this era,SipsTea,45477
Meirl,meirl,43367
Reporter: You just suggested that Iran somehow got its hands on a Tomahawk and bombed its own elementary school on the first day of the war. Why are you the only person saying this? Trump: Because I just don’t know enough about it.,SipsTea,43048
:3🔪,interestingasfuck,43292
Democratic governor vetoes Charlie Kirk memorial license plates in Arizona,politics,41330
TikTok brains saying my dihh and unalived,memes,40906
I found this pretty inspirational right now,TikTokCringe,66821
Mozzarella stick tattoo,oddlysatisfying,57615
👏👏,BeAmazed,55116
Hit the big 5 year mark for being cancer-free!,MadeMeSmile,52497
Anything is possible in this era,SipsTea,45481
Meirl,meirl,43372
Reporter: You just suggested that Iran somehow got its hands on a Tomahawk and bombed its own elementary school on the first day of the war. Why are you the only person saying this? Trump: Because I just don’t know enough about it.,SipsTea,43073
:3🔪,interestingasfuck,43671
Democratic governor vetoes Charlie Kirk memorial license plates in Arizona,politics,41346
TikTok brains saying my dihh and unalived,memes,40930
I found this pretty inspirational right now,TikTokCringe,66823
Mozzarella stick tattoo,oddlysatisfying,57646
👏👏,BeAmazed,55126
Hit the big 5 year mark for being cancer-free!,MadeMeSmile,52546
Anything is possible in this era,SipsTea,45492
Meirl,meirl,43374
Reporter: You just suggested that Iran somehow got its hands on a Tomahawk and bombed its own elementary school on the first day of the war. Why are you the only person saying this? Trump: Because I just don’t know enough about it.,SipsTea,43088
:3🔪,interestingasfuck,43910
Democratic governor vetoes Charlie Kirk memorial license plates in Arizona,politics,41346
TikTok brains saying my dihh and unalived,memes,40942
I found this pretty inspirational right now,TikTokCringe,66831
Mozzarella stick tattoo,oddlysatisfying,57680
👏👏,BeAmazed,55133
Hit the big 5 year mark for being cancer-free!,MadeMeSmile,52562
Anything is possible in this era,SipsTea,45497
Meirl,meirl,43387
Reporter: You just suggested that Iran somehow got its hands on a Tomahawk and bombed its own elementary school on the first day of the war. Why are you the only person saying this? Trump: Because I just don’t know enough about it.,SipsTea,43104
:3🔪,interestingasfuck,44271
Democratic governor vetoes Charlie Kirk memorial license plates in Arizona,politics,41350
TikTok brains saying my dihh and unalived,memes,40980
I found this pretty inspirational right now,TikTokCringe,66836
Mozzarella stick tattoo,oddlysatisfying,57710
👏👏,BeAmazed,55140
Hit the big 5 year mark for being cancer-free!,MadeMeSmile,52631
Anything is possible in this era,SipsTea,45509
Meirl,meirl,43402
Reporter: You just suggested that Iran somehow got its hands on a Tomahawk and bombed its own elementary school on the first day of the war. Why are you the only person saying this? Trump: Because I just don’t know enough about it.,SipsTea,43137
:3🔪,interestingasfuck,44533
Democratic governor vetoes Charlie Kirk memorial license plates in Arizona,politics,41360
TikTok brains saying my dihh and unalived,memes,40990
I found this pretty inspirational right now,TikTokCringe,66846
Mozzarella stick tattoo,oddlysatisfying,57740
👏👏,BeAmazed,55147
Hit the big 5 year mark for being cancer-free!,MadeMeSmile,52652
Anything is possible in this era,SipsTea,45514
Meirl,meirl,43404
Reporter: You just suggested that Iran somehow got its hands on a Tomahawk and bombed its own elementary school on the first day of the war. Why are you the only person saying this? Trump: Because I just don’t know enough about it.,SipsTea,43152
:3🔪,interestingasfuck,44794
Democratic governor vetoes Charlie Kirk memorial license plates in Arizona,politics,41358
TikTok brains saying my dihh and unalived,memes,41005
I found this pretty inspirational right now,TikTokCringe,66850
Mozzarella stick tattoo,oddlysatisfying,57769
👏👏,BeAmazed,55154
Hit the big 5 year mark for being cancer-free!,MadeMeSmile,52678
Anything is possible in this era,SipsTea,45522
Meirl,meirl,43415
Reporter: You just suggested that Iran somehow got its hands on a Tomahawk and bombed its own elementary school on the first day of the war. Why are you the only person saying this? Trump: Because I just don’t know enough about it.,SipsTea,43176
:3🔪,interestingasfuck,45155
Democratic governor vetoes Charlie Kirk memorial license plates in Arizona,politics,41362
TikTok brains saying my dihh and unalived,memes,41015
I found this pretty inspirational right now,TikTokCringe,66864
Mozzarella stick tattoo,oddlysatisfying,57799
👏👏,BeAmazed,55161
Hit the big 5 year mark for being cancer-free!,MadeMeSmile,52715
Anything is possible in this era,SipsTea,45532
Meirl,meirl,43414
Reporter: You just suggested that Iran somehow got its hands on a Tomahawk and bombed its own elementary school on the first day of the war. Why are you the only person saying this? Trump: Because I just don’t know enough about it.,SipsTea,43190
:3🔪,interestingasfuck,45492
Democratic governor vetoes Charlie Kirk memorial license plates in Arizona,politics,41367
TikTok brains saying my dihh and unalived,memes,41026
I found this pretty inspirational right now,TikTokCringe,66860
Mozzarella stick tattoo,oddlysatisfying,57818
👏👏,BeAmazed,55167
Hit the big 5 year mark for being cancer-free!,MadeMeSmile,52718
Anything is possible in this era,SipsTea,45560
Meirl,meirl,43425
Reporter: You just suggested that Iran somehow got its hands on a Tomahawk and bombed its own elementary school on the first day of the war. Why are you the only person saying this? Trump: Because I just don’t know enough about it.,SipsTea,43214
:3🔪,interestingasfuck,45744
Democratic governor vetoes Charlie Kirk memorial license plates in Arizona,politics,41373
TikTok brains saying my dihh and unalived,memes,41046
I found this pretty inspirational right now,TikTokCringe,66873
Mozzarella stick tattoo,oddlysatisfying,57836
👏👏,BeAmazed,55173
Hit the big 5 year mark for being cancer-free!,MadeMeSmile,52767
Anything is possible in this era,SipsTea,45569
Meirl,meirl,43438
Reporter: You just suggested that Iran somehow got its hands on a Tomahawk and bombed its own elementary school on the first day of the war. Why are you the only person saying this? Trump: Because I just don’t know enough about it.,SipsTea,43240
:3🔪,interestingasfuck,46011
Democratic governor vetoes Charlie Kirk memorial license plates in Arizona,politics,41386
TikTok brains saying my dihh and unalived,memes,41080
I found this pretty inspirational right now,TikTokCringe,66895
Mozzarella stick tattoo,oddlysatisfying,57883
👏👏,BeAmazed,55181
Hit the big 5 year mark for being cancer-free!,MadeMeSmile,52804
Anything is possible in this era,SipsTea,45574
Meirl,meirl,43444
Reporter: You just suggested that Iran somehow got its hands on a Tomahawk and bombed its own elementary school on the first day of the war. Why are you the only person saying this? Trump: Because I just don’t know enough about it.,SipsTea,43261
:3🔪,interestingasfuck,46270
Democratic governor vetoes Charlie Kirk memorial license plates in Arizona,politics,41379
TikTok brains saying my dihh and unalived,memes,41103
I found this pretty inspirational right now,TikTokCringe,66897
Mozzarella stick tattoo,oddlysatisfying,57921
👏👏,BeAmazed,55194
Hit the big 5 year mark for being cancer-free!,MadeMeSmile,52833
Anything is possible in this era,SipsTea,45576
Meirl,meirl,43455
Reporter: You just suggested that Iran somehow got its hands on a Tomahawk and bombed its own elementary school on the first day of the war. Why are you the only person saying this? Trump: Because I just don’t know enough about it.,SipsTea,43270
:3🔪,interestingasfuck,46624
Democratic governor vetoes Charlie Kirk memorial license plates in Arizona,politics,41390
TikTok brains saying my dihh and unalived,memes,41120
I found this pretty inspirational right now,TikTokCringe,66913
Mozzarella stick tattoo,oddlysatisfying,57926
👏👏,BeAmazed,55197
Hit the big 5 year mark for being cancer-free!,MadeMeSmile,52856
Anything is possible in this era,SipsTea,45597
Meirl,meirl,43464
Reporter: You just suggested that Iran somehow got its hands on a Tomahawk and bombed its own elementary school on the first day of the war. Why are you the only person saying this? Trump: Because I just don’t know enough about it.,SipsTea,43296
:3🔪,interestingasfuck,46821
Democratic governor vetoes Charlie Kirk memorial license plates in Arizona,politics,41389
TikTok brains saying my dihh and unalived,memes,41145
I found this pretty inspirational right now,TikTokCringe,66928
Mozzarella stick tattoo,oddlysatisfying,57966
👏👏,BeAmazed,55199
Hit the big 5 year mark for being cancer-free!,MadeMeSmile,52902
Anything is possible in this era,SipsTea,45605
Meirl,meirl,43464
Reporter: You just suggested that Iran somehow got its hands on a Tomahawk and bombed its own elementary school on the first day of the war. Why are you the only person saying this? Trump: Because I just don’t know enough about it.,SipsTea,43297
:3🔪,interestingasfuck,47122
Democratic governor vetoes Charlie Kirk memorial license plates in Arizona,politics,41402
TikTok brains saying my dihh and unalived,memes,41155
I found this pretty inspirational right now,TikTokCringe,66926
Mozzarella stick tattoo,oddlysatisfying,58003
👏👏,BeAmazed,55200
Hit the big 5 year mark for being cancer-free!,MadeMeSmile,52936
Anything is possible in this era,SipsTea,45615
Meirl,meirl,43486
Reporter: You just suggested that Iran somehow got its hands on a Tomahawk and bombed its own elementary school on the first day of the war. Why are you the only person saying this? Trump: Because I just don’t know enough about it.,SipsTea,43327
:3🔪,interestingasfuck,47415
Democratic governor vetoes Charlie Kirk memorial license plates in Arizona,politics,41402
TikTok brains saying my dihh and unalived,memes,41176
I found this pretty inspirational right now,TikTokCringe,66942
Mozzarella stick tattoo,oddlysatisfying,58029
👏👏,BeAmazed,55207
Hit the big 5 year mark for being cancer-free!,MadeMeSmile,52969
Anything is possible in this era,SipsTea,45621
Meirl,meirl,43490
Reporter: You just suggested that Iran somehow got its hands on a Tomahawk and bombed its own elementary school on the first day of the war. Why are you the only person saying this? Trump: Because I just don’t know enough about it.,SipsTea,43332
:3🔪,interestingasfuck,47701
Democratic governor vetoes Charlie Kirk memorial license plates in Arizona,politics,41414
TikTok brains saying my dihh and unalived,memes,41195
I found this pretty inspirational right now,TikTokCringe,66952
Mozzarella stick tattoo,oddlysatisfying,58073
👏👏,BeAmazed,55215
Hit the big 5 year mark for being cancer-free!,MadeMeSmile,53002
Anything is possible in this era,SipsTea,45631
Meirl,meirl,43502
Reporter: You just suggested that Iran somehow got its hands on a Tomahawk and bombed its own elementary school on the first day of the war. Why are you the only person saying this? Trump: Because I just don’t know enough about it.,SipsTea,43356
:3🔪,interestingasfuck,48040
Democratic governor vetoes Charlie Kirk memorial license plates in Arizona,politics,41420
TikTok brains saying my dihh and unalived,memes,41213
I found this pretty inspirational right now,TikTokCringe,66948
Mozzarella stick tattoo,oddlysatisfying,58107
👏👏,BeAmazed,55231
Hit the big 5 year mark for being cancer-free!,MadeMeSmile,53024
Anything is possible in this era,SipsTea,45634
Meirl,meirl,43504
Reporter: You just suggested that Iran somehow got its hands on a Tomahawk and bombed its own elementary school on the first day of the war. Why are you the only person saying this? Trump: Because I just don’t know enough about it.,SipsTea,43383
:3🔪,interestingasfuck,48245
Democratic governor vetoes Charlie Kirk memorial license plates in Arizona,politics,41426
TikTok brains saying my dihh and unalived,memes,41231
I found this pretty inspirational right now,TikTokCringe,66952
Mozzarella stick tattoo,oddlysatisfying,58133
👏👏,BeAmazed,55236
Hit the big 5 year mark for being cancer-free!,MadeMeSmile,53058
Anything is possible in this era,SipsTea,45646
Meirl,meirl,43510
Reporter: You just suggested that Iran somehow got its hands on a Tomahawk and bombed its own elementary school on the first day of the war. Why are you the only person saying this? Trump: Because I just don’t know enough about it.,SipsTea,43404
:3🔪,interestingasfuck,48589
Democratic governor vetoes Charlie Kirk memorial license plates in Arizona,politics,41426
TikTok brains saying my dihh and unalived,memes,41241
I found this pretty inspirational right now,TikTokCringe,66966
Mozzarella stick tattoo,oddlysatisfying,58150
👏👏,BeAmazed,55238
Hit the big 5 year mark for being cancer-free!,MadeMeSmile,53092
Anything is possible in this era,SipsTea,45660
Meirl,meirl,43516
Reporter: You just suggested that Iran somehow got its hands on a Tomahawk and bombed its own elementary school on the first day of the war. Why are you the only person saying this? Trump: Because I just don’t know enough about it.,SipsTea,43417
:3🔪,interestingasfuck,48872
Democratic governor vetoes Charlie Kirk memorial license plates in Arizona,politics,41434
TikTok brains saying my dihh and unalived,memes,41261
I found this pretty inspirational right now,TikTokCringe,66978
Mozzarella stick tattoo,oddlysatisfying,58174
👏👏,BeAmazed,55254
Hit the big 5 year mark for being cancer-free!,MadeMeSmile,53144
Anything is possible in this era,SipsTea,45673
Meirl,meirl,43528
Reporter: You just suggested that Iran somehow got its hands on a Tomahawk and bombed its own elementary school on the first day of the war. Why are you the only person saying this? Trump: Because I just don’t know enough about it.,SipsTea,43427
:3🔪,interestingasfuck,49088
Democratic governor vetoes Charlie Kirk memorial license plates in Arizona,politics,41440
TikTok brains saying my dihh and unalived,memes,41284
I found this pretty inspirational right now,TikTokCringe,66991
Mozzarella stick tattoo,oddlysatisfying,58208
👏👏,BeAmazed,55265
Hit the big 5 year mark for being cancer-free!,MadeMeSmile,53169
Anything is possible in this era,SipsTea,45674
Meirl,meirl,43537
Reporter: You just suggested that Iran somehow got its hands on a Tomahawk and bombed its own elementary school on the first day of the war. Why are you the only person saying this? Trump: Because I just don’t know enough about it.,SipsTea,43444
:3🔪,interestingasfuck,49271
Democratic governor vetoes Charlie Kirk memorial license plates in Arizona,politics,41443
TikTok brains saying my dihh and unalived,memes,41306
I found this pretty inspirational right now,TikTokCringe,66995
Mozzarella stick tattoo,oddlysatisfying,58230
👏👏,BeAmazed,55267
Hit the big 5 year mark for being cancer-free!,MadeMeSmile,53190
Anything is possible in this era,SipsTea,45687
Meirl,meirl,43546
Reporter: You just suggested that Iran somehow got its hands on a Tomahawk and bombed its own elementary school on the first day of the war. Why are you the only person saying this? Trump: Because I just don’t know enough about it.,SipsTea,43472
:3🔪,interestingasfuck,49605
Democratic governor vetoes Charlie Kirk memorial license plates in Arizona,politics,41452
TikTok brains saying my dihh and unalived,memes,41322
I found this pretty inspirational right now,TikTokCringe,67007
Mozzarella stick tattoo,oddlysatisfying,58253
Hit the big 5 year mark for being cancer-free!,MadeMeSmile,53229
Anything is possible in this era,SipsTea,45695
Meirl,meirl,43549
Reporter: You just suggested that Iran somehow got its hands on a Tomahawk and bombed its own elementary school on the first day of the war. Why are you the only person saying this? Trump: Because I just don’t know enough about it.,SipsTea,43496
:3🔪,interestingasfuck,49809
Democratic governor vetoes Charlie Kirk memorial license plates in Arizona,politics,41457
TikTok brains saying my dihh and unalived,memes,41345
This sea lion comes to the market every day for fish. It's very well-behaved and polite.,animalsdoingstuff,41570
I found this pretty inspirational right now,TikTokCringe,67015
Mozzarella stick tattoo,oddlysatisfying,58297
Hit the big 5 year mark for being cancer-free!,MadeMeSmile,53258
Anything is possible in this era,SipsTea,45707
Meirl,meirl,43551
Reporter: You just suggested that Iran somehow got its hands on a Tomahawk and bombed its own elementary school on the first day of the war. Why are you the only person saying this? Trump: Because I just don’t know enough about it.,SipsTea,43518
:3🔪,interestingasfuck,50162
Democratic governor vetoes Charlie Kirk memorial license plates in Arizona,politics,41464
TikTok brains saying my dihh and unalived,memes,41359
This sea lion comes to the market every day for fish. It's very well-behaved and polite.,animalsdoingstuff,41619
I found this pretty inspirational right now,TikTokCringe,67030
Mozzarella stick tattoo,oddlysatisfying,58324
Hit the big 5 year mark for being cancer-free!,MadeMeSmile,53279
Anything is possible in this era,SipsTea,45706
Meirl,meirl,43557
Reporter: You just suggested that Iran somehow got its hands on a Tomahawk and bombed its own elementary school on the first day of the war. Why are you the only person saying this? Trump: Because I just don’t know enough about it.,SipsTea,43539
:3🔪,interestingasfuck,50434
Democratic governor vetoes Charlie Kirk memorial license plates in Arizona,politics,41462
TikTok brains saying my dihh and unalived,memes,41376
This sea lion comes to the market every day for fish. It's very well-behaved and polite.,animalsdoingstuff,41651
I found this pretty inspirational right now,TikTokCringe,67042
Mozzarella stick tattoo,oddlysatisfying,58342
Hit the big 5 year mark for being cancer-free!,MadeMeSmile,53309
Anything is possible in this era,SipsTea,45715
Meirl,meirl,43566
Reporter: You just suggested that Iran somehow got its hands on a Tomahawk and bombed its own elementary school on the first day of the war. Why are you the only person saying this? Trump: Because I just don’t know enough about it.,SipsTea,43558
:3🔪,interestingasfuck,50674
Democratic governor vetoes Charlie Kirk memorial license plates in Arizona,politics,41463
TikTok brains saying my dihh and unalived,memes,41407
This sea lion comes to the market every day for fish. It's very well-behaved and polite.,animalsdoingstuff,41685
I found this pretty inspirational right now,TikTokCringe,67047
Mozzarella stick tattoo,oddlysatisfying,58372
Hit the big 5 year mark for being cancer-free!,MadeMeSmile,53332
Anything is possible in this era,SipsTea,45717
Meirl,meirl,43585
Reporter: You just suggested that Iran somehow got its hands on a Tomahawk and bombed its own elementary school on the first day of the war. Why are you the only person saying this? Trump: Because I just don’t know enough about it.,SipsTea,43573
:3🔪,interestingasfuck,50969
Democratic governor vetoes Charlie Kirk memorial license plates in Arizona,politics,41474
TikTok brains saying my dihh and unalived,memes,41413
This sea lion comes to the market every day for fish. It's very well-behaved and polite.,animalsdoingstuff,41735
I found this pretty inspirational right now,TikTokCringe,67051
Mozzarella stick tattoo,oddlysatisfying,58397
Hit the big 5 year mark for being cancer-free!,MadeMeSmile,53350
Anything is possible in this era,SipsTea,45728
Meirl,meirl,43595
Reporter: You just suggested that Iran somehow got its hands on a Tomahawk and bombed its own elementary school on the first day of the war. Why are you the only person saying this? Trump: Because I just don’t know enough about it.,SipsTea,43587
:3🔪,interestingasfuck,51286
Democratic governor vetoes Charlie Kirk memorial license plates in Arizona,politics,41475
TikTok brains saying my dihh and unalived,memes,41434
This sea lion comes to the market every day for fish. It's very well-behaved and polite.,animalsdoingstuff,41763
I found this pretty inspirational right now,TikTokCringe,67057
Mozzarella stick tattoo,oddlysatisfying,58414
Hit the big 5 year mark for being cancer-free!,MadeMeSmile,53386
Anything is possible in this era,SipsTea,45747
Meirl,meirl,43600
Reporter: You just suggested that Iran somehow got its hands on a Tomahawk and bombed its own elementary school on the first day of the war. Why are you the only person saying this? Trump: Because I just don’t know enough about it.,SipsTea,43597
:3🔪,interestingasfuck,51545
Democratic governor vetoes Charlie Kirk memorial license plates in Arizona,politics,41490
TikTok brains saying my dihh and unalived,memes,41441
This sea lion comes to the market every day for fish. It's very well-behaved and polite.,animalsdoingstuff,41817
I found this pretty inspirational right now,TikTokCringe,67068
Mozzarella stick tattoo,oddlysatisfying,58437
Hit the big 5 year mark for being cancer-free!,MadeMeSmile,53400
Anything is possible in this era,SipsTea,45742
Meirl,meirl,43621
Reporter: You just suggested that Iran somehow got its hands on a Tomahawk and bombed its own elementary school on the first day of the war. Why are you the only person saying this? Trump: Because I just don’t know enough about it.,SipsTea,43615
:3🔪,interestingasfuck,51779
Democratic governor vetoes Charlie Kirk memorial license plates in Arizona,politics,41485
TikTok brains saying my dihh and unalived,memes,41467
This sea lion comes to the market every day for fish. It's very well-behaved and polite.,animalsdoingstuff,41871
I found this pretty inspirational right now,TikTokCringe,67068
Mozzarella stick tattoo,oddlysatisfying,58470
Hit the big 5 year mark for being cancer-free!,MadeMeSmile,53418
Anything is possible in this era,SipsTea,45757
Meirl,meirl,43621
Reporter: You just suggested that Iran somehow got its hands on a Tomahawk and bombed its own elementary school on the first day of the war. Why are you the only person saying this? Trump: Because I just don’t know enough about it.,SipsTea,43641
:3🔪,interestingasfuck,52127
Democratic governor vetoes Charlie Kirk memorial license plates in Arizona,politics,41481
TikTok brains saying my dihh and unalived,memes,41482
This sea lion comes to the market every day for fish. It's very well-behaved and polite.,animalsdoingstuff,41910
I found this pretty inspirational right now,TikTokCringe,67090
Mozzarella stick tattoo,oddlysatisfying,58496
Hit the big 5 year mark for being cancer-free!,MadeMeSmile,53441
Anything is possible in this era,SipsTea,45754
Meirl,meirl,43636
Reporter: You just suggested that Iran somehow got its hands on a Tomahawk and bombed its own elementary school on the first day of the war. Why are you the only person saying this? Trump: Because I just don’t know enough about it.,SipsTea,43643
:3🔪,interestingasfuck,52364
Democratic governor vetoes Charlie Kirk memorial license plates in Arizona,politics,41490
TikTok brains saying my dihh and unalived,memes,41500
This sea lion comes to the market every day for fish. It's very well-behaved and polite.,animalsdoingstuff,41941
I found this pretty inspirational right now,TikTokCringe,67089
Mozzarella stick tattoo,oddlysatisfying,58546
Hit the big 5 year mark for being cancer-free!,MadeMeSmile,53459
Anything is possible in this era,SipsTea,45764
Meirl,meirl,43648
Reporter: You just suggested that Iran somehow got its hands on a Tomahawk and bombed its own elementary school on the first day of the war. Why are you the only person saying this? Trump: Because I just don’t know enough about it.,SipsTea,43672
:3🔪,interestingasfuck,52610
Democratic governor vetoes Charlie Kirk memorial license plates in Arizona,politics,41503
TikTok brains saying my dihh and unalived,memes,41532
This sea lion comes to the market every day for fish. It's very well-behaved and polite.,animalsdoingstuff,41992
I found this pretty inspirational right now,TikTokCringe,67091
Mozzarella stick tattoo,oddlysatisfying,58586
Hit the big 5 year mark for being cancer-free!,MadeMeSmile,53489
Anything is possible in this era,SipsTea,45780
Meirl,meirl,43651
Reporter: You just suggested that Iran somehow got its hands on a Tomahawk and bombed its own elementary school on the first day of the war. Why are you the only person saying this? Trump: Because I just don’t know enough about it.,SipsTea,43692
:3🔪,interestingasfuck,52901
Democratic governor vetoes Charlie Kirk memorial license plates in Arizona,politics,41496
TikTok brains saying my dihh and unalived,memes,41533
This sea lion comes to the market every day for fish. It's very well-behaved and polite.,animalsdoingstuff,42030
I found this pretty inspirational right now,TikTokCringe,67098
Mozzarella stick tattoo,oddlysatisfying,58607
Hit the big 5 year mark for being cancer-free!,MadeMeSmile,53510
Anything is possible in this era,SipsTea,45791
Meirl,meirl,43658
Reporter: You just suggested that Iran somehow got its hands on a Tomahawk and bombed its own elementary school on the first day of the war. Why are you the only person saying this? Trump: Because I just don’t know enough about it.,SipsTea,43703
:3🔪,interestingasfuck,53149
Democratic governor vetoes Charlie Kirk memorial license plates in Arizona,politics,41504
TikTok brains saying my dihh and unalived,memes,41556
This sea lion comes to the market every day for fish. It's very well-behaved and polite.,animalsdoingstuff,42063
I found this pretty inspirational right now,TikTokCringe,67109
Mozzarella stick tattoo,oddlysatisfying,58626
Hit the big 5 year mark for being cancer-free!,MadeMeSmile,53531
Anything is possible in this era,SipsTea,45804
Meirl,meirl,43662
Reporter: You just suggested that Iran somehow got its hands on a Tomahawk and bombed its own elementary school on the first day of the war. Why are you the only person saying this? Trump: Because I just don’t know enough about it.,SipsTea,43720
:3🔪,interestingasfuck,53347
Democratic governor vetoes Charlie Kirk memorial license plates in Arizona,politics,41506
TikTok brains saying my dihh and unalived,memes,41560
This sea lion comes to the market every day for fish. It's very well-behaved and polite.,animalsdoingstuff,42104
Mozzarella stick tattoo,oddlysatisfying,60265
Hit the big 5 year mark for being cancer-free!,MadeMeSmile,54986
Anything is possible in this era,SipsTea,46390
Reporter: You just suggested that Iran somehow got its hands on a Tomahawk and bombed its own elementary school on the first day of the war. Why are you the only person saying this? Trump: Because I just don’t know enough about it.,SipsTea,44838
Meirl,meirl,44070
This sea lion comes to the market every day for fish. It's very well-behaved and polite.,animalsdoingstuff,44360
TikTok brains saying my dihh and unalived,memes,42393
Democratic governor vetoes Charlie Kirk memorial license plates in Arizona,politics,41753
My toddler swallowed 8 marbles,interestingasfuck,41753
How a small 1m waterfall can generate a recycling hydraulic that can trap a life-jacketed swimmer,Damnthatsinteresting,41151
Mozzarella stick tattoo,oddlysatisfying,60288
Hit the big 5 year mark for being cancer-free!,MadeMeSmile,55020
Anything is possible in this era,SipsTea,46389
Reporter: You just suggested that Iran somehow got its hands on a Tomahawk and bombed its own elementary school on the first day of the war. Why are you the only person saying this? Trump: Because I just don’t know enough about it.,SipsTea,44865
Meirl,meirl,44084
This sea lion comes to the market every day for fish. It's very well-behaved and polite.,animalsdoingstuff,44413
TikTok brains saying my dihh and unalived,memes,42402
Democratic governor vetoes Charlie Kirk memorial license plates in Arizona,politics,41740
My toddler swallowed 8 marbles,interestingasfuck,41799
How a small 1m waterfall can generate a recycling hydraulic that can trap a life-jacketed swimmer,Damnthatsinteresting,41162
Mozzarella stick tattoo,oddlysatisfying,60312
Hit the big 5 year mark for being cancer-free!,MadeMeSmile,55059
Anything is possible in this era,SipsTea,46401
Reporter: You just suggested that Iran somehow got its hands on a Tomahawk and bombed its own elementary school on the first day of the war. Why are you the only person saying this? Trump: Because I just don’t know enough about it.,SipsTea,44879
Meirl,meirl,44095
This sea lion comes to the market every day for fish. It's very well-behaved and polite.,animalsdoingstuff,44433
TikTok brains saying my dihh and unalived,memes,42414
Democratic governor vetoes Charlie Kirk memorial license plates in Arizona,politics,41755
My toddler swallowed 8 marbles,interestingasfuck,41808
How a small 1m waterfall can generate a recycling hydraulic that can trap a life-jacketed swimmer,Damnthatsinteresting,41162
Mozzarella stick tattoo,oddlysatisfying,60335
Hit the big 5 year mark for being cancer-free!,MadeMeSmile,55094
Anything is possible in this era,SipsTea,46421
Reporter: You just suggested that Iran somehow got its hands on a Tomahawk and bombed its own elementary school on the first day of the war. Why are you the only person saying this? Trump: Because I just don’t know enough about it.,SipsTea,44892
Meirl,meirl,44105
This sea lion comes to the market every day for fish. It's very well-behaved and polite.,animalsdoingstuff,44481
TikTok brains saying my dihh and unalived,memes,42425
Democratic governor vetoes Charlie Kirk memorial license plates in Arizona,politics,41756
My toddler swallowed 8 marbles,interestingasfuck,41836
How a small 1m waterfall can generate a recycling hydraulic that can trap a life-jacketed swimmer,Damnthatsinteresting,41172
Mozzarella stick tattoo,oddlysatisfying,60349
Hit the big 5 year mark for being cancer-free!,MadeMeSmile,55129
Anything is possible in this era,SipsTea,46430
Reporter: You just suggested that Iran somehow got its hands on a Tomahawk and bombed its own elementary school on the first day of the war. Why are you the only person saying this? Trump: Because I just don’t know enough about it.,SipsTea,44908
Meirl,meirl,44106
This sea lion comes to the market every day for fish. It's very well-behaved and polite.,animalsdoingstuff,44514
TikTok brains saying my dihh and unalived,memes,42451
Democratic governor vetoes Charlie Kirk memorial license plates in Arizona,politics,41753
My toddler swallowed 8 marbles,interestingasfuck,41860
How a small 1m waterfall can generate a recycling hydraulic that can trap a life-jacketed swimmer,Damnthatsinteresting,41187
Mozzarella stick tattoo,oddlysatisfying,60376
Hit the big 5 year mark for being cancer-free!,MadeMeSmile,55151
Anything is possible in this era,SipsTea,46442
Reporter: You just suggested that Iran somehow got its hands on a Tomahawk and bombed its own elementary school on the first day of the war. Why are you the only person saying this? Trump: Because I just don’t know enough about it.,SipsTea,44918
Meirl,meirl,44104
This sea lion comes to the market every day for fish. It's very well-behaved and polite.,animalsdoingstuff,44554
TikTok brains saying my dihh and unalived,memes,42466
Democratic governor vetoes Charlie Kirk memorial license plates in Arizona,politics,41760
My toddler swallowed 8 marbles,interestingasfuck,41903
How a small 1m waterfall can generate a recycling hydraulic that can trap a life-jacketed swimmer,Damnthatsinteresting,41196
Mozzarella stick tattoo,oddlysatisfying,60385
Hit the big 5 year mark for being cancer-free!,MadeMeSmile,55161
Anything is possible in this era,SipsTea,46448
Reporter: You just suggested that Iran somehow got its hands on a Tomahawk and bombed its own elementary school on the first day of the war. Why are you the only person saying this? Trump: Because I just don’t know enough about it.,SipsTea,44942
Meirl,meirl,44110
This sea lion comes to the market every day for fish. It's very well-behaved and polite.,animalsdoingstuff,44595
TikTok brains saying my dihh and unalived,memes,42481
Democratic governor vetoes Charlie Kirk memorial license plates in Arizona,politics,41768
My toddler swallowed 8 marbles,interestingasfuck,41915
How a small 1m waterfall can generate a recycling hydraulic that can trap a life-jacketed swimmer,Damnthatsinteresting,41204
Mozzarella stick tattoo,oddlysatisfying,60418
Hit the big 5 year mark for being cancer-free!,MadeMeSmile,55197
Anything is possible in this era,SipsTea,46459
Reporter: You just suggested that Iran somehow got its hands on a Tomahawk and bombed its own elementary school on the first day of the war. Why are you the only person saying this? Trump: Because I just don’t know enough about it.,SipsTea,44968
Meirl,meirl,44114
This sea lion comes to the market every day for fish. It's very well-behaved and polite.,animalsdoingstuff,44629
TikTok brains saying my dihh and unalived,memes,42476
Democratic governor vetoes Charlie Kirk memorial license plates in Arizona,politics,41763
My toddler swallowed 8 marbles,interestingasfuck,41935
How a small 1m waterfall can generate a recycling hydraulic that can trap a life-jacketed swimmer,Damnthatsinteresting,41202
Mozzarella stick tattoo,oddlysatisfying,60431
Hit the big 5 year mark for being cancer-free!,MadeMeSmile,55229
Anything is possible in this era,SipsTea,46465
Reporter: You just suggested that Iran somehow got its hands on a Tomahawk and bombed its own elementary school on the first day of the war. Why are you the only person saying this? Trump: Because I just don’t know enough about it.,SipsTea,44985
Meirl,meirl,44124
This sea lion comes to the market every day for fish. It's very well-behaved and polite.,animalsdoingstuff,44651
TikTok brains saying my dihh and unalived,memes,42501
Democratic governor vetoes Charlie Kirk memorial license plates in Arizona,politics,41769
My toddler swallowed 8 marbles,interestingasfuck,41948
How a small 1m waterfall can generate a recycling hydraulic that can trap a life-jacketed swimmer,Damnthatsinteresting,41216
Mozzarella stick tattoo,oddlysatisfying,60459
Hit the big 5 year mark for being cancer-free!,MadeMeSmile,55260
Anything is possible in this era,SipsTea,46473
Reporter: You just suggested that Iran somehow got its hands on a Tomahawk and bombed its own elementary school on the first day of the war. Why are you the only person saying this? Trump: Because I just don’t know enough about it.,SipsTea,45012
Meirl,meirl,44134
This sea lion comes to the market every day for fish. It's very well-behaved and polite.,animalsdoingstuff,44692
TikTok brains saying my dihh and unalived,memes,42512
Democratic governor vetoes Charlie Kirk memorial license plates in Arizona,politics,41779
My toddler swallowed 8 marbles,interestingasfuck,41966
How a small 1m waterfall can generate a recycling hydraulic that can trap a life-jacketed swimmer,Damnthatsinteresting,41231
Mozzarella stick tattoo,oddlysatisfying,60490
Hit the big 5 year mark for being cancer-free!,MadeMeSmile,55273
Anything is possible in this era,SipsTea,46492
Reporter: You just suggested that Iran somehow got its hands on a Tomahawk and bombed its own elementary school on the first day of the war. Why are you the only person saying this? Trump: Because I just don’t know enough about it.,SipsTea,45021
Meirl,meirl,44129
This sea lion comes to the market every day for fish. It's very well-behaved and polite.,animalsdoingstuff,44715
TikTok brains saying my dihh and unalived,memes,42523
Democratic governor vetoes Charlie Kirk memorial license plates in Arizona,politics,41777
My toddler swallowed 8 marbles,interestingasfuck,41994
How a small 1m waterfall can generate a recycling hydraulic that can trap a life-jacketed swimmer,Damnthatsinteresting,41243
Mozzarella stick tattoo,oddlysatisfying,60509
Hit the big 5 year mark for being cancer-free!,MadeMeSmile,55301
Anything is possible in this era,SipsTea,46498
Reporter: You just suggested that Iran somehow got its hands on a Tomahawk and bombed its own elementary school on the first day of the war. Why are you the only person saying this? Trump: Because I just don’t know enough about it.,SipsTea,45043
Meirl,meirl,44139
This sea lion comes to the market every day for fish. It's very well-behaved and polite.,animalsdoingstuff,44751
TikTok brains saying my dihh and unalived,memes,42536
Democratic governor vetoes Charlie Kirk memorial license plates in Arizona,politics,41791
My toddler swallowed 8 marbles,interestingasfuck,42018
How a small 1m waterfall can generate a recycling hydraulic that can trap a life-jacketed swimmer,Damnthatsinteresting,41247
Mozzarella stick tattoo,oddlysatisfying,60538
Hit the big 5 year mark for being cancer-free!,MadeMeSmile,55352
Anything is possible in this era,SipsTea,46525
Reporter: You just suggested that Iran somehow got its hands on a Tomahawk and bombed its own elementary school on the first day of the war. Why are you the only person saying this? Trump: Because I just don’t know enough about it.,SipsTea,45068
Meirl,meirl,44141
This sea lion comes to the market every day for fish. It's very well-behaved and polite.,animalsdoingstuff,44783
TikTok brains saying my dihh and unalived,memes,42542
Democratic governor vetoes Charlie Kirk memorial license plates in Arizona,politics,41789
My toddler swallowed 8 marbles,interestingasfuck,42037
How a small 1m waterfall can generate a recycling hydraulic that can trap a life-jacketed swimmer,Damnthatsinteresting,41256
Mozzarella stick tattoo,oddlysatisfying,60570
Hit the big 5 year mark for being cancer-free!,MadeMeSmile,55365
Anything is possible in this era,SipsTea,46524
Reporter: You just suggested that Iran somehow got its hands on a Tomahawk and bombed its own elementary school on the first day of the war. Why are you the only person saying this? Trump: Because I just don’t know enough about it.,SipsTea,45076
Meirl,meirl,44147
This sea lion comes to the market every day for fish. It's very well-behaved and polite.,animalsdoingstuff,44852
TikTok brains saying my dihh and unalived,memes,42556
Democratic governor vetoes Charlie Kirk memorial license plates in Arizona,politics,41792
My toddler swallowed 8 marbles,interestingasfuck,42064
How a small 1m waterfall can generate a recycling hydraulic that can trap a life-jacketed swimmer,Damnthatsinteresting,41277
Mozzarella stick tattoo,oddlysatisfying,60586
Hit the big 5 year mark for being cancer-free!,MadeMeSmile,55400
Anything is possible in this era,SipsTea,46540
Reporter: You just suggested that Iran somehow got its hands on a Tomahawk and bombed its own elementary school on the first day of the war. Why are you the only person saying this? Trump: Because I just don’t know enough about it.,SipsTea,45091
Meirl,meirl,44158
This sea lion comes to the market every day for fish. It's very well-behaved and polite.,animalsdoingstuff,44870
TikTok brains saying my dihh and unalived,memes,42568
Democratic governor vetoes Charlie Kirk memorial license plates in Arizona,politics,41801
My toddler swallowed 8 marbles,interestingasfuck,42070
How a small 1m waterfall can generate a recycling hydraulic that can trap a life-jacketed swimmer,Damnthatsinteresting,41280
Mozzarella stick tattoo,oddlysatisfying,62631
Hit the big 5 year mark for being cancer-free!,MadeMeSmile,57399
This sea lion comes to the market every day for fish. It's very well-behaved and polite.,animalsdoingstuff,47661
Reporter: You just suggested that Iran somehow got its hands on a Tomahawk and bombed its own elementary school on the first day of the war. Why are you the only person saying this? Trump: Because I just don’t know enough about it.,SipsTea,46472
TikTok brains saying my dihh and unalived,memes,43414
My toddler swallowed 8 marbles,interestingasfuck,43693
Democratic governor vetoes Charlie Kirk memorial license plates in Arizona,politics,42040
Explain it Peter,explainitpeter,42478
me_irl,me_irl,40701
"Bradley Whitford on billionaires: “These guys are addicted to money &amp; they’re an extension of a political movement in this country that’s going on my entire lifetime which is based on this Orwellian idea that the rich are victims, they’re overtaxed, over-regulated &amp; need to be set free. It’s insane”",Fauxmoi,39837
Mozzarella stick tattoo,oddlysatisfying,62648
Hit the big 5 year mark for being cancer-free!,MadeMeSmile,57423
This sea lion comes to the market every day for fish. It's very well-behaved and polite.,animalsdoingstuff,47686
Reporter: You just suggested that Iran somehow got its hands on a Tomahawk and bombed its own elementary school on the first day of the war. Why are you the only person saying this? Trump: Because I just don’t know enough about it.,SipsTea,46477
TikTok brains saying my dihh and unalived,memes,43418
My toddler swallowed 8 marbles,interestingasfuck,43718
Democratic governor vetoes Charlie Kirk memorial license plates in Arizona,politics,42038
Explain it Peter,explainitpeter,42497
me_irl,me_irl,40704
"Bradley Whitford on billionaires: “These guys are addicted to money &amp; they’re an extension of a political movement in this country that’s going on my entire lifetime which is based on this Orwellian idea that the rich are victims, they’re overtaxed, over-regulated &amp; need to be set free. It’s insane”",Fauxmoi,39838
Mozzarella stick tattoo,oddlysatisfying,62667
Hit the big 5 year mark for being cancer-free!,MadeMeSmile,57432
This sea lion comes to the market every day for fish. It's very well-behaved and polite.,animalsdoingstuff,47689
Reporter: You just suggested that Iran somehow got its hands on a Tomahawk and bombed its own elementary school on the first day of the war. Why are you the only person saying this? Trump: Because I just don’t know enough about it.,SipsTea,46483
TikTok brains saying my dihh and unalived,memes,43432
My toddler swallowed 8 marbles,interestingasfuck,43725
Democratic governor vetoes Charlie Kirk memorial license plates in Arizona,politics,42047
Explain it Peter,explainitpeter,42520
me_irl,me_irl,40714
"Bradley Whitford on billionaires: “These guys are addicted to money &amp; they’re an extension of a political movement in this country that’s going on my entire lifetime which is based on this Orwellian idea that the rich are victims, they’re overtaxed, over-regulated &amp; need to be set free. It’s insane”",Fauxmoi,39843
Mozzarella stick tattoo,oddlysatisfying,62684
Hit the big 5 year mark for being cancer-free!,MadeMeSmile,57461
This sea lion comes to the market every day for fish. It's very well-behaved and polite.,animalsdoingstuff,47728
Reporter: You just suggested that Iran somehow got its hands on a Tomahawk and bombed its own elementary school on the first day of the war. Why are you the only person saying this? Trump: Because I just don’t know enough about it.,SipsTea,46506
TikTok brains saying my dihh and unalived,memes,43448
My toddler swallowed 8 marbles,interestingasfuck,43750
Democratic governor vetoes Charlie Kirk memorial license plates in Arizona,politics,42041
Explain it Peter,explainitpeter,42533
me_irl,me_irl,40726
"Bradley Whitford on billionaires: “These guys are addicted to money &amp; they’re an extension of a political movement in this country that’s going on my entire lifetime which is based on this Orwellian idea that the rich are victims, they’re overtaxed, over-regulated &amp; need to be set free. It’s insane”",Fauxmoi,39859
Mozzarella stick tattoo,oddlysatisfying,62745
Hit the big 5 year mark for being cancer-free!,MadeMeSmile,57525
This sea lion comes to the market every day for fish. It's very well-behaved and polite.,animalsdoingstuff,47853
Reporter: You just suggested that Iran somehow got its hands on a Tomahawk and bombed its own elementary school on the first day of the war. Why are you the only person saying this? Trump: Because I just don’t know enough about it.,SipsTea,46569
TikTok brains saying my dihh and unalived,memes,43484
My toddler swallowed 8 marbles,interestingasfuck,43816
Democratic governor vetoes Charlie Kirk memorial license plates in Arizona,politics,42045
Explain it Peter,explainitpeter,42615
me_irl,me_irl,40754
"Bradley Whitford on billionaires: “These guys are addicted to money &amp; they’re an extension of a political movement in this country that’s going on my entire lifetime which is based on this Orwellian idea that the rich are victims, they’re overtaxed, over-regulated &amp; need to be set free. It’s insane”",Fauxmoi,39881
Mozzarella stick tattoo,oddlysatisfying,62764
Hit the big 5 year mark for being cancer-free!,MadeMeSmile,57553
This sea lion comes to the market every day for fish. It's very well-behaved and polite.,animalsdoingstuff,47882
Reporter: You just suggested that Iran somehow got its hands on a Tomahawk and bombed its own elementary school on the first day of the war. Why are you the only person saying this? Trump: Because I just don’t know enough about it.,SipsTea,46568
TikTok brains saying my dihh and unalived,memes,43497
My toddler swallowed 8 marbles,interestingasfuck,43812
Democratic governor vetoes Charlie Kirk memorial license plates in Arizona,politics,42046
Explain it Peter,explainitpeter,42622
me_irl,me_irl,40761
"Bradley Whitford on billionaires: “These guys are addicted to money &amp; they’re an extension of a political movement in this country that’s going on my entire lifetime which is based on this Orwellian idea that the rich are victims, they’re overtaxed, over-regulated &amp; need to be set free. It’s insane”",Fauxmoi,39891
Mozzarella stick tattoo,oddlysatisfying,62779
Hit the big 5 year mark for being cancer-free!,MadeMeSmile,57564
This sea lion comes to the market every day for fish. It's very well-behaved and polite.,animalsdoingstuff,47903
Reporter: You just suggested that Iran somehow got its hands on a Tomahawk and bombed its own elementary school on the first day of the war. Why are you the only person saying this? Trump: Because I just don’t know enough about it.,SipsTea,46576
TikTok brains saying my dihh and unalived,memes,43499
My toddler swallowed 8 marbles,interestingasfuck,43840
Democratic governor vetoes Charlie Kirk memorial license plates in Arizona,politics,42049
Explain it Peter,explainitpeter,42641
me_irl,me_irl,40773
"Bradley Whitford on billionaires: “These guys are addicted to money &amp; they’re an extension of a political movement in this country that’s going on my entire lifetime which is based on this Orwellian idea that the rich are victims, they’re overtaxed, over-regulated &amp; need to be set free. It’s insane”",Fauxmoi,39891
Mozzarella stick tattoo,oddlysatisfying,62804
Hit the big 5 year mark for being cancer-free!,MadeMeSmile,57582
This sea lion comes to the market every day for fish. It's very well-behaved and polite.,animalsdoingstuff,47929
Reporter: You just suggested that Iran somehow got its hands on a Tomahawk and bombed its own elementary school on the first day of the war. Why are you the only person saying this? Trump: Because I just don’t know enough about it.,SipsTea,46590
TikTok brains saying my dihh and unalived,memes,43499
My toddler swallowed 8 marbles,interestingasfuck,43856
Democratic governor vetoes Charlie Kirk memorial license plates in Arizona,politics,42048
Explain it Peter,explainitpeter,42657
me_irl,me_irl,40783
"Bradley Whitford on billionaires: “These guys are addicted to money &amp; they’re an extension of a political movement in this country that’s going on my entire lifetime which is based on this Orwellian idea that the rich are victims, they’re overtaxed, over-regulated &amp; need to be set free. It’s insane”",Fauxmoi,39897
Mozzarella stick tattoo,oddlysatisfying,62816
Hit the big 5 year mark for being cancer-free!,MadeMeSmile,57594
This sea lion comes to the market every day for fish. It's very well-behaved and polite.,animalsdoingstuff,47967
Reporter: You just suggested that Iran somehow got its hands on a Tomahawk and bombed its own elementary school on the first day of the war. Why are you the only person saying this? Trump: Because I just don’t know enough about it.,SipsTea,46604
TikTok brains saying my dihh and unalived,memes,43519
My toddler swallowed 8 marbles,interestingasfuck,43875
Democratic governor vetoes Charlie Kirk memorial license plates in Arizona,politics,42054
Explain it Peter,explainitpeter,42685
me_irl,me_irl,40779
"Bradley Whitford on billionaires: “These guys are addicted to money &amp; they’re an extension of a political movement in this country that’s going on my entire lifetime which is based on this Orwellian idea that the rich are victims, they’re overtaxed, over-regulated &amp; need to be set free. It’s insane”",Fauxmoi,39898
Mozzarella stick tattoo,oddlysatisfying,62839
Hit the big 5 year mark for being cancer-free!,MadeMeSmile,57610
This sea lion comes to the market every day for fish. It's very well-behaved and polite.,animalsdoingstuff,47988
Reporter: You just suggested that Iran somehow got its hands on a Tomahawk and bombed its own elementary school on the first day of the war. Why are you the only person saying this? Trump: Because I just don’t know enough about it.,SipsTea,46617
TikTok brains saying my dihh and unalived,memes,43524
My toddler swallowed 8 marbles,interestingasfuck,43889
Democratic governor vetoes Charlie Kirk memorial license plates in Arizona,politics,42051
Explain it Peter,explainitpeter,42706
me_irl,me_irl,40782
"Bradley Whitford on billionaires: “These guys are addicted to money &amp; they’re an extension of a political movement in this country that’s going on my entire lifetime which is based on this Orwellian idea that the rich are victims, they’re overtaxed, over-regulated &amp; need to be set free. It’s insane”",Fauxmoi,39911
Mozzarella stick tattoo,oddlysatisfying,62861
Hit the big 5 year mark for being cancer-free!,MadeMeSmile,57634
This sea lion comes to the market every day for fish. It's very well-behaved and polite.,animalsdoingstuff,48012
Reporter: You just suggested that Iran somehow got its hands on a Tomahawk and bombed its own elementary school on the first day of the war. Why are you the only person saying this? Trump: Because I just don’t know enough about it.,SipsTea,46631
TikTok brains saying my dihh and unalived,memes,43536
My toddler swallowed 8 marbles,interestingasfuck,43912
Democratic governor vetoes Charlie Kirk memorial license plates in Arizona,politics,42055
Explain it Peter,explainitpeter,42711
me_irl,me_irl,40796
"Bradley Whitford on billionaires: “These guys are addicted to money &amp; they’re an extension of a political movement in this country that’s going on my entire lifetime which is based on this Orwellian idea that the rich are victims, they’re overtaxed, over-regulated &amp; need to be set free. It’s insane”",Fauxmoi,39913
Mozzarella stick tattoo,oddlysatisfying,62875
Hit the big 5 year mark for being cancer-free!,MadeMeSmile,57651
This sea lion comes to the market every day for fish. It's very well-behaved and polite.,animalsdoingstuff,48056
Reporter: You just suggested that Iran somehow got its hands on a Tomahawk and bombed its own elementary school on the first day of the war. Why are you the only person saying this? Trump: Because I just don’t know enough about it.,SipsTea,46642
TikTok brains saying my dihh and unalived,memes,43537
My toddler swallowed 8 marbles,interestingasfuck,43929
Democratic governor vetoes Charlie Kirk memorial license plates in Arizona,politics,42055
Explain it Peter,explainitpeter,42741
me_irl,me_irl,40801
"Bradley Whitford on billionaires: “These guys are addicted to money &amp; they’re an extension of a political movement in this country that’s going on my entire lifetime which is based on this Orwellian idea that the rich are victims, they’re overtaxed, over-regulated &amp; need to be set free. It’s insane”",Fauxmoi,39910
Mozzarella stick tattoo,oddlysatisfying,62885
Hit the big 5 year mark for being cancer-free!,MadeMeSmile,57672
This sea lion comes to the market every day for fish. It's very well-behaved and polite.,animalsdoingstuff,48087
Reporter: You just suggested that Iran somehow got its hands on a Tomahawk and bombed its own elementary school on the first day of the war. Why are you the only person saying this? Trump: Because I just don’t know enough about it.,SipsTea,46646
TikTok brains saying my dihh and unalived,memes,43542
My toddler swallowed 8 marbles,interestingasfuck,43945
Democratic governor vetoes Charlie Kirk memorial license plates in Arizona,politics,42057
Explain it Peter,explainitpeter,42747
me_irl,me_irl,40810
"Bradley Whitford on billionaires: “These guys are addicted to money &amp; they’re an extension of a political movement in this country that’s going on my entire lifetime which is based on this Orwellian idea that the rich are victims, they’re overtaxed, over-regulated &amp; need to be set free. It’s insane”",Fauxmoi,39935
Mozzarella stick tattoo,oddlysatisfying,62913
Hit the big 5 year mark for being cancer-free!,MadeMeSmile,57693
This sea lion comes to the market every day for fish. It's very well-behaved and polite.,animalsdoingstuff,48123
Reporter: You just suggested that Iran somehow got its hands on a Tomahawk and bombed its own elementary school on the first day of the war. Why are you the only person saying this? Trump: Because I just don’t know enough about it.,SipsTea,46669
TikTok brains saying my dihh and unalived,memes,43561
My toddler swallowed 8 marbles,interestingasfuck,43951
Democratic governor vetoes Charlie Kirk memorial license plates in Arizona,politics,42061
Explain it Peter,explainitpeter,42768
me_irl,me_irl,40816
"Bradley Whitford on billionaires: “These guys are addicted to money &amp; they’re an extension of a political movement in this country that’s going on my entire lifetime which is based on this Orwellian idea that the rich are victims, they’re overtaxed, over-regulated &amp; need to be set free. It’s insane”",Fauxmoi,39936
Mozzarella stick tattoo,oddlysatisfying,62933
Hit the big 5 year mark for being cancer-free!,MadeMeSmile,57717
This sea lion comes to the market every day for fish. It's very well-behaved and polite.,animalsdoingstuff,48144
Reporter: You just suggested that Iran somehow got its hands on a Tomahawk and bombed its own elementary school on the first day of the war. Why are you the only person saying this? Trump: Because I just don’t know enough about it.,SipsTea,46685
TikTok brains saying my dihh and unalived,memes,43578
My toddler swallowed 8 marbles,interestingasfuck,43983
Democratic governor vetoes Charlie Kirk memorial license plates in Arizona,politics,42061
Explain it Peter,explainitpeter,42783
me_irl,me_irl,40827
"Bradley Whitford on billionaires: “These guys are addicted to money &amp; they’re an extension of a political movement in this country that’s going on my entire lifetime which is based on this Orwellian idea that the rich are victims, they’re overtaxed, over-regulated &amp; need to be set free. It’s insane”",Fauxmoi,39940
Mozzarella stick tattoo,oddlysatisfying,62953
Hit the big 5 year mark for being cancer-free!,MadeMeSmile,57732
This sea lion comes to the market every day for fish. It's very well-behaved and polite.,animalsdoingstuff,48182
Reporter: You just suggested that Iran somehow got its hands on a Tomahawk and bombed its own elementary school on the first day of the war. Why are you the only person saying this? Trump: Because I just don’t know enough about it.,SipsTea,46685
TikTok brains saying my dihh and unalived,memes,43580
My toddler swallowed 8 marbles,interestingasfuck,44004
Democratic governor vetoes Charlie Kirk memorial license plates in Arizona,politics,42067
Explain it Peter,explainitpeter,42804
me_irl,me_irl,40834
"Bradley Whitford on billionaires: “These guys are addicted to money &amp; they’re an extension of a political movement in this country that’s going on my entire lifetime which is based on this Orwellian idea that the rich are victims, they’re overtaxed, over-regulated &amp; need to be set free. It’s insane”",Fauxmoi,39942
Mozzarella stick tattoo,oddlysatisfying,62968
Hit the big 5 year mark for being cancer-free!,MadeMeSmile,57751
This sea lion comes to the market every day for fish. It's very well-behaved and polite.,animalsdoingstuff,48200
Reporter: You just suggested that Iran somehow got its hands on a Tomahawk and bombed its own elementary school on the first day of the war. Why are you the only person saying this? Trump: Because I just don’t know enough about it.,SipsTea,46711
TikTok brains saying my dihh and unalived,memes,43588
My toddler swallowed 8 marbles,interestingasfuck,44030
Democratic governor vetoes Charlie Kirk memorial license plates in Arizona,politics,42072
Explain it Peter,explainitpeter,42823
me_irl,me_irl,40842
"Bradley Whitford on billionaires: “These guys are addicted to money &amp; they’re an extension of a political movement in this country that’s going on my entire lifetime which is based on this Orwellian idea that the rich are victims, they’re overtaxed, over-regulated &amp; need to be set free. It’s insane”",Fauxmoi,39954
Mozzarella stick tattoo,oddlysatisfying,62981
Hit the big 5 year mark for being cancer-free!,MadeMeSmile,57771
This sea lion comes to the market every day for fish. It's very well-behaved and polite.,animalsdoingstuff,48224
Reporter: You just suggested that Iran somehow got its hands on a Tomahawk and bombed its own elementary school on the first day of the war. Why are you the only person saying this? Trump: Because I just don’t know enough about it.,SipsTea,46717
TikTok brains saying my dihh and unalived,memes,43587
My toddler swallowed 8 marbles,interestingasfuck,44047
Democratic governor vetoes Charlie Kirk memorial license plates in Arizona,politics,42079
Explain it Peter,explainitpeter,42834
me_irl,me_irl,40853
"Bradley Whitford on billionaires: “These guys are addicted to money &amp; they’re an extension of a political movement in this country that’s going on my entire lifetime which is based on this Orwellian idea that the rich are victims, they’re overtaxed, over-regulated &amp; need to be set free. It’s insane”",Fauxmoi,39956
Mozzarella stick tattoo,oddlysatisfying,62999
Hit the big 5 year mark for being cancer-free!,MadeMeSmile,57793
This sea lion comes to the market every day for fish. It's very well-behaved and polite.,animalsdoingstuff,48238
Reporter: You just suggested that Iran somehow got its hands on a Tomahawk and bombed its own elementary school on the first day of the war. Why are you the only person saying this? Trump: Because I just don’t know enough about it.,SipsTea,46728
TikTok brains saying my dihh and unalived,memes,43603
My toddler swallowed 8 marbles,interestingasfuck,44055
Democratic governor vetoes Charlie Kirk memorial license plates in Arizona,politics,42078
Explain it Peter,explainitpeter,42843
me_irl,me_irl,40851
"Bradley Whitford on billionaires: “These guys are addicted to money &amp; they’re an extension of a political movement in this country that’s going on my entire lifetime which is based on this Orwellian idea that the rich are victims, they’re overtaxed, over-regulated &amp; need to be set free. It’s insane”",Fauxmoi,39960
Mozzarella stick tattoo,oddlysatisfying,63008
Hit the big 5 year mark for being cancer-free!,MadeMeSmile,57809
This sea lion comes to the market every day for fish. It's very well-behaved and polite.,animalsdoingstuff,48269
Reporter: You just suggested that Iran somehow got its hands on a Tomahawk and bombed its own elementary school on the first day of the war. Why are you the only person saying this? Trump: Because I just don’t know enough about it.,SipsTea,46740
TikTok brains saying my dihh and unalived,memes,43617
My toddler swallowed 8 marbles,interestingasfuck,44082
Democratic governor vetoes Charlie Kirk memorial license plates in Arizona,politics,42071
Explain it Peter,explainitpeter,42853
me_irl,me_irl,40856
"Bradley Whitford on billionaires: “These guys are addicted to money &amp; they’re an extension of a political movement in this country that’s going on my entire lifetime which is based on this Orwellian idea that the rich are victims, they’re overtaxed, over-regulated &amp; need to be set free. It’s insane”",Fauxmoi,39960
Mozzarella stick tattoo,oddlysatisfying,63024
Hit the big 5 year mark for being cancer-free!,MadeMeSmile,57827
This sea lion comes to the market every day for fish. It's very well-behaved and polite.,animalsdoingstuff,48304
Reporter: You just suggested that Iran somehow got its hands on a Tomahawk and bombed its own elementary school on the first day of the war. Why are you the only person saying this? Trump: Because I just don’t know enough about it.,SipsTea,46760
TikTok brains saying my dihh and unalived,memes,43619
My toddler swallowed 8 marbles,interestingasfuck,44096
Democratic governor vetoes Charlie Kirk memorial license plates in Arizona,politics,42083
Explain it Peter,explainitpeter,42879
me_irl,me_irl,40869
"Bradley Whitford on billionaires: “These guys are addicted to money &amp; they’re an extension of a political movement in this country that’s going on my entire lifetime which is based on this Orwellian idea that the rich are victims, they’re overtaxed, over-regulated &amp; need to be set free. It’s insane”",Fauxmoi,39965
Mozzarella stick tattoo,oddlysatisfying,63046
Hit the big 5 year mark for being cancer-free!,MadeMeSmile,57846
This sea lion comes to the market every day for fish. It's very well-behaved and polite.,animalsdoingstuff,48330
Reporter: You just suggested that Iran somehow got its hands on a Tomahawk and bombed its own elementary school on the first day of the war. Why are you the only person saying this? Trump: Because I just don’t know enough about it.,SipsTea,46773
TikTok brains saying my dihh and unalived,memes,43639
My toddler swallowed 8 marbles,interestingasfuck,44120
Democratic governor vetoes Charlie Kirk memorial license plates in Arizona,politics,42079
Explain it Peter,explainitpeter,42902
me_irl,me_irl,40880
"Bradley Whitford on billionaires: “These guys are addicted to money &amp; they’re an extension of a political movement in this country that’s going on my entire lifetime which is based on this Orwellian idea that the rich are victims, they’re overtaxed, over-regulated &amp; need to be set free. It’s insane”",Fauxmoi,39978
Mozzarella stick tattoo,oddlysatisfying,63060
Hit the big 5 year mark for being cancer-free!,MadeMeSmile,57868
This sea lion comes to the market every day for fish. It's very well-behaved and polite.,animalsdoingstuff,48343
Reporter: You just suggested that Iran somehow got its hands on a Tomahawk and bombed its own elementary school on the first day of the war. Why are you the only person saying this? Trump: Because I just don’t know enough about it.,SipsTea,46787
TikTok brains saying my dihh and unalived,memes,43650
My toddler swallowed 8 marbles,interestingasfuck,44133
Democratic governor vetoes Charlie Kirk memorial license plates in Arizona,politics,42082
Explain it Peter,explainitpeter,42919
me_irl,me_irl,40881
"Bradley Whitford on billionaires: “These guys are addicted to money &amp; they’re an extension of a political movement in this country that’s going on my entire lifetime which is based on this Orwellian idea that the rich are victims, they’re overtaxed, over-regulated &amp; need to be set free. It’s insane”",Fauxmoi,39979
